Gu,name,addressStreet,addressLand
강남구,로또의명당,서울 강남구 논현로98길 5,서울 강남구 역삼동 667-17
강남구,에그셀런트 논현점,서울 강남구 봉은사로1길 35,서울 강남구 논현동 165-15
강남구,도깨비 복권방,서울 강남구 역삼로11길 13-10,서울 강남구 역삼동 750-1
강남구,허그샌드,서울 강남구 밤고개로1길 10 수서현대벤쳐빌,서울 강남구 수서동 713
강남구,세븐일레븐 논현본점,서울 강남구 도산대로30길 8,서울 강남구 논현동 59-11
강남구,씨유,서울 강남구 강남대로102길 28,서울 강남구 역삼동 618-17
강남구,선릉로또명당,서울 강남구 선릉로93길 50 현석타워,서울 강남구 역삼동 703-8
강남구,광림마트,서울 강남구 도곡로 213 마고빌딩,서울 강남구 역삼동 788-35
강남구,강남상회,서울 강남구 봉은사로 179 H타워,서울 강남구 논현동 192-19
강남구,달랑슈퍼,서울 강남구 삼성로82길 22,서울 강남구 대치동 955-1
강남구,예스우리들의편의점,서울 강남구 개포로 202 석인빌딩,서울 강남구 개포동 1238
강남구,대박나라(빙아자곡점),서울 강남구 밤고개로 219,서울 강남구 자곡동 56-120
강남구,만물,서울 강남구 테헤란로37길 42,서울 강남구 역삼동 674
강남구,파랑새식품,서울 강남구 논현로151길 23,서울 강남구 신사동 563-1
강남구,광림마트,서울 강남구 도산대로26길 8,서울 강남구 논현동 7-10
강남구,진흥슈퍼,서울 강남구 논현로150길 31 논현동빌딩,서울 강남구 논현동 61-19
강남구,현대슈퍼,서울 강남구 개포로 508,서울 강남구 개포동 186-15
강남구,형제식품,서울 강남구 학동로38길 11,서울 강남구 논현동 211
강남구,씨유(CU) 삼성로점 로또,서울 강남구 삼성로103길 7 127빌딩,서울 강남구 삼성동 127
강남구,씨유역삼에클라트로또판매점,서울 강남구 테헤란로20길 19 엘지에클라트,서울 강남구 역삼동 736-24
강남구,신영슈퍼,서울 강남구 광평로51길 27,서울 강남구 수서동 708번지
강남구,삼성마트,서울 강남구 선릉로 628,서울 강남구 삼성동 34-25
강남구,은마로또,서울 강남구 선릉로 328,서울 강남구 대치동 921-5
강남구,신사우리가판,서울 강남구 도산대로 107 대아빌딩,서울 강남구 신사동 501-2
강남구,버스표판매소,서울 강남구 압구정로 151-2,서울 강남구 압구정동 394
강남구,선릉가판점,서울 강남구 선릉로 519 삼능빌딩,서울 강남구 역삼동 696-40
강남구,버스표판매소,서울 강남구 논현로 837 원방빌딩,서울 강남구 신사동 584-3
강남구,가로판매대(구)-3,서울 강남구 압구정로 201 현대아파트,서울 강남구 압구정동 458
강남구,버스카드충전소,서울 강남구 테헤란로 625 덕명빌딩,서울 강남구 삼성동 170-9
강남구,교통카드충전소,서울 강남구 선릉로 309,서울 강남구 역삼동 765-9번지
강남구,마녀샐러드,서울 강남구 강남대로94길 75,서울 강남구 역삼동 637-36
강남구,알파문구,서울 강남구 영동대로85길 13 대치동송석빌딩,서울 강남구 대치동 950-1
강남구,로또복권대치점,서울 강남구 개포로 615,서울 강남구 개포동 12-4번지
강남구,로또복권방,서울 강남구 강남대로122길 50 상명빌딩,서울 강남구 논현동 169
강남구,신성복권,서울 강남구 학동로 503 한성빌딩,서울 강남구 청담동 76-6
강남구,대박복권방,서울 강남구 언주로70길 10,서울 강남구 역삼동 761-2
강남구,로또복권,서울 강남구 테헤란로63길 12,서울 강남구 삼성동 142-3
강남구,로또역삼신웅,서울 강남구 테헤란로 216 신웅타워,서울 강남구 역삼동 719
강남구,LOTTO복권,서울 강남구 선릉로 578,서울 강남구 삼성동 112
강남구,새날,서울 강남구 강남대로84길 23,서울 강남구 역삼동 824-11
강남구,로또,서울 강남구 테헤란로 410,서울 강남구 대치동 889-13
강남구,대성복권,서울 강남구 밤고개로36길 6,서울 강남구 세곡동 164-10
강남구,대박,서울 강남구 일원로3길 55,서울 강남구 일원동 627-15
강남구,로또판매 강남역삼점,서울 강남구 언주로 510 효림빌딩,서울 강남구 역삼동 700-6
강남구,교통카드충전판매소,서울 강남구 언주로 314,서울 강남구 역삼동 762-1번지
강남구,로또판매,서울 강남구 삼성로86길 10,서울 강남구 대치동 957-3
강남구,도곡 행운로또방,서울 강남구 도곡로4길 11,서울 강남구 도곡동 944-13
강남구,위드미로또판매점,서울 강남구 봉은사로74길 13,서울 강남구 삼성동 118
강남구,포이로또방,서울 강남구 개포로22길 19,서울 강남구 개포동 1218-24
강남구,티켓코리아,서울 강남구 봉은사로 219 두남빌딩,서울 강남구 논현동 236-11
강남구,프로토 포이점,서울 강남구 논현로 36,서울 강남구 개포동 1194-7
강남구,바이복,서울 강남구 일원로5길 19,서울 강남구 일원동 683-18
강남구,인터뱅세계주류,서울 강남구 언주로 647 강남빌딩,서울 강남구 논현동 211-20
강남구,아셈마트,서울 강남구 영동대로112길 10,서울 강남구 삼성동 107-5
강남구,우정,서울 강남구 도산대로49길 8 YK빌딩,서울 강남구 신사동 652-3
강남구,베스토아,서울 강남구 역삼로 166 세현빌딩,서울 강남구 역삼동 790
강남구,현대마트,서울 강남구 일원로 45 대훈빌딩,서울 강남구 일원동 684-5
강남구,GS25(논현동우점),서울 강남구 봉은사로37길 13,서울 강남구 논현동 232-5번지
강남구,GS25(논현금옥점),서울 강남구 강남대로132길 48,서울 강남구 논현동 56번지
강남구,GS25(논현동현점),서울 강남구 도산대로50길 27,서울 강남구 논현동 99-19번지
강남구,GS25(힐탑점),서울 강남구 논현로 642,서울 강남구 논현동 216-10번지
강남구,GS25(대치중앙점),서울 강남구 역삼로78길 26,서울 강남구 대치동 916-40번지
강남구,GS25(압구정신사점),서울 강남구 도산대로33길 8,서울 강남구 신사동 588번지
강남구,GS25(로데오점),서울 강남구 압구정로48길 15 압구정대원칸타빌아파트,서울 강남구 신사동 659
강남구,CU(타워팰리스점),서울 강남구 언주로30길 56,서울 강남구 도곡동 467번지
강남구,GS25(논현동국점),서울 강남구 논현로131길 6,서울 강남구 논현동 37-16번지
강남구,GS25(도곡점),서울 강남구 남부순환로 2730 비엠빌딩,서울 강남구 도곡동 411-16
강남구,GS25(삼성역점),서울 강남구 영동대로 510,서울 강남구 삼성동 168번지
강남구,GS25(대치골드점),서울 강남구 선릉로86길 48,서울 강남구 대치동 896-52번지
강남구,GS25(강남YBM점),서울 강남구 강남대로94길 9,서울 강남구 역삼동 818-14
강남구,GS25(논현삼익점),서울 강남구 강남대로132길 10,서울 강남구 논현동 51번지
강남구,GS25(역삼타운점),서울 강남구 언주로69길 7,서울 강남구 역삼동 779
강남구,GS25(압구정역점),서울 강남구 압구정로28길 18,서울 강남구 신사동 577-12번지
강남구,GS25(역삼충현점),서울 강남구 논현로102길 33,서울 강남구 역삼동 660-33
강남구,GS25(역삼대홍점),서울 강남구 논현로63길 19,서울 강남구 역삼동 798-29
강남구,GS25(청담중앙점),서울 강남구 선릉로148길 32,서울 강남구 청담동 21-9
강남구,GS25(강남나누리점),서울 강남구 언주로147길 10,서울 강남구 논현동 63-19
강동구,6/45 로또,서울 강동구 아리수로93가길 87,서울 강동구 강일동 215
강동구,복권정복,서울 강동구 고덕로24길 9,서울 강동구 암사동 452-8
강동구,꿀꿀이 복권방,서울 강동구 양재대로116길 35,서울 강동구 길동 363-4
강동구,로또명당,서울 강동구 구천면로41길 41,서울 강동구 천호동 303-4
강동구,소울로또,서울 강동구 진황도로 119,서울 강동구 길동 441
강동구,복권판매점 강동하나점,서울 강동구 천중로50길 35 덕양빌딩,서울 강동구 길동 359-10
강동구,수현미니수퍼,서울 강동구 양재대로113길 8,서울 강동구 길동 378-9
강동구,대박슈퍼,서울 강동구 천중로 87,서울 강동구 천호동 300-7
강동구,대박복권방,서울 강동구 양재대로134길 11,서울 강동구 명일동 336-17
강동구,복권명당,서울 강동구 구천면로 214,서울 강동구 천호3동 550-1번지
강동구,복권방,서울 강동구 천호대로176길 10-3,서울 강동구 성내동 245-32번지
강동구,단골집편의점,서울 강동구 구천면로 194,서울 강동구 천호동 417-7
강동구,포인트,서울 강동구 올림픽로 677,서울 강동구 천호동 354-5
강동구,왕대박복권방,서울 강동구 양재대로89길 23,서울 강동구 성내3동 430-18번지
강동구,삼정그린환경,서울 강동구 양재대로 1355,서울 강동구 성내3동 428-5번지
강동구,복드림복권방,서울 강동구 상암로 99,서울 강동구 암사1동 488-34번지
강동구,우성슈퍼,서울 강동구 구천면로 371,서울 강동구 암사동 421-6번지
강동구,삼익마트,서울 강동구 상암로 211,서울 강동구 명일동 341-5번지
강동구,롯데마트,서울 강동구 상일로 17,서울 강동구 상일동 342번지
강동구,동원마트,서울 강동구 풍성로 209,서울 강동구 성내3동 412-6번지
강동구,그린슈퍼,서울 강동구 천중로52길 15,서울 강동구 길동 355-1번지
강동구,가판점,서울 강동구 천호대로 1073 힐탑프라자,서울 강동구 천호동 449-49
강동구,토큰판매소,서울 강동구 양재대로 1631,서울 강동구 명일동 312-86번지
강동구,가판점,서울 강동구 양재대로 1340 주공아파트,서울 강동구 둔촌동 170-1
강동구,버스표 담배,서울 강동구 올림픽로 811,서울 강동구 암사동 504-22번지
강동구,행운마트,서울 강동구 구천면로34길 71,서울 강동구 천호동 100-3번지
강동구,대박가판장,서울 강동구 양재대로 1627,서울 강동구 명일동 312-92번지
강동구,가로판매점,서울 강동구 양재대로 1443,서울 강동구 길동 458-5번지
강동구,교통카드판매대,서울 강동구 고덕로 397,서울 강동구 고덕동 210-1번지
강동구,돼지복권,서울 강동구 올림픽로 746,서울 강동구 천호동 315번지
강동구,가로판매대,서울 강동구 천호대로 1005 현대백화점,서울 강동구 천호동 455-8
강동구,베네시티앞가판,서울 강동구 올림픽로 664,서울 강동구 천호2동 425-5번지
강동구,복사문구,서울 강동구 양재대로 1549,서울 강동구 천호1동 45-2번지
강동구,대박복권방,서울 강동구 구천면로 300,서울 강동구 천호동 238-1번지
강동구,럭키마켓,서울 강동구 명일로 159,서울 강동구 둔촌동 55번지
강동구,교통카드충전소,서울 강동구 양재대로 1317,서울 강동구 성내동 440-30번지
강동구,후레쉬마트,서울 강동구 천호대로 1476,서울 강동구 상일동 431-3
강동구,그루터기(상일쉼터),서울 강동구 아리수로76길 21,서울 강동구 고덕동 236-3
강동구,이마트24 강동본점,서울 강동구 천호옛길 84,서울 강동구 성내동 38-3
강동구,쌍둥이네복권방,서울 강동구 올림픽로 800,서울 강동구 암사동 500번지
강동구,강일코사할인마트,서울 강동구 고덕로97길 29 강일리버파크9단지아파트,서울 강동구 강일동 699
강동구,몽유호가(夢有好家),서울 강동구 올림픽로 552,서울 강동구 성내동 319-33번지
강동구,신화복권방,서울 강동구 양재대로 1520,서울 강동구 길동 347-13
강동구,행운의집,서울 강동구 구천면로 220,서울 강동구 천호동 549-1
강동구,인생역전,서울 강동구 아리수로66길 29,서울 강동구 고덕동 509번지
강동구,노다지복권방,서울 강동구 천호대로170길 47,서울 강동구 성내동 383-20번지
강동구,NICE,서울 강동구 성내로6길 40,서울 강동구 성내동 454-8
강동구,복권마을,서울 강동구 풍성로 173,서울 강동구 성내동 408-12
강동구,행복공간,서울 강동구 풍성로 115,서울 강동구 성내동 292-30번지
강동구,노다지훼밀리,서울 강동구 구천면로 251,서울 강동구 천호동 393-7번지
강동구,길동방,서울 강동구 진황도로49길 16,서울 강동구 길동 249-1번지
강동구,씨스페이스 강동현대점,서울 강동구 풍성로54길 55,서울 강동구 성내3동 427-39번지
강동구,비디오뱅크,서울 강동구 암사길 18,서울 강동구 암사동 493-1번지
강동구,OK마트,서울 강동구 진황도로27길 14,서울 강동구 천호동 166-82번지
강동구,GS25(천호점),서울 강동구 올림픽로70길 29,서울 강동구 천호동 427-6
강동구,CU(명일우량점),서울 강동구 동남로71길 38 동양타워,서울 강동구 명일동 48-12
강동구,CU(성내중앙점),서울 강동구 강동대로53길 22 두울빌딩,서울 강동구 성내동 442
강북구,복권,서울 강북구 삼양로 456,서울 강북구 수유동 331-6
강북구,인생한방 복권점(아이스크림팩토리 수유점),서울 강북구 노해로 37,서울 강북구 수유동 10-1
강북구,수유월드통신,서울 강북구 인수봉로 146-1,서울 강북구 수유동 469-206
강북구,사슴,서울 강북구 삼양로 335 산성교회,서울 강북구 수유동 472-5
강북구,행운복권,서울 강북구 솔샘로 212 신영빌딩,서울 강북구 미아동 1339-1
강북구,로또방,서울 강북구 인수봉로78길 19,서울 강북구 수유동 547-7
강북구,소리로또복권방,서울 강북구 도봉로 264 삼문빌딩,서울 강북구 미아동 189-23
강북구,로아cafe,서울 강북구 노해로23길 50,서울 강북구 수유동 252-30
강북구,청도중국식품,서울 강북구 한천로143길 34,서울 강북구 수유동 194-20
강북구,행운찬스복권방,서울 강북구 덕릉로 140,서울 강북구 번2동 437-10번지
강북구,대박찬스,서울 강북구 솔매로 105-1,서울 강북구 미아동 224-58번지
강북구,다온복권,서울 강북구 오현로 190,서울 강북구 번동 306-11
강북구,보경식품,서울 강북구 도봉로 211,서울 강북구 미아동 207-2번지
강북구,강북구교통카드판매대,서울 강북구 솔샘로 260,서울 강북구 미아동 688-4
강북구,가로매점,서울 강북구 도봉로 34,서울 강북구 미아동 35-4번지
강북구,교통카드판매소,서울 강북구 도봉로 345,서울 강북구 수유3동 191-14번지
강북구,구청앞로또명당,서울 강북구 한천로139길 9,서울 강북구 수유3동 191-58번지
강북구,토큰판매점,서울 강북구 도봉로 45,서울 강북구 송천동 60-5번지
강북구,토큰박스,서울 강북구 도봉로 334,서울 강북구 번1동 446-50번지
강북구,1등복권방,서울 강북구 삼양로 252,서울 강북구 삼양동 777-3번지
강북구,복권명당,서울 강북구 삼양로 306,서울 강북구 수유동 57-80번지
강북구,슈퍼전자,서울 강북구 솔샘로 254,서울 강북구 삼각산동 688-5번지
강북구,현경하이퍼마켓,서울 강북구 삼양로117길 25,서울 강북구 수유동 311-6번지
강북구,찬스복권방,서울 강북구 한천로 1156 상민빌딩,서울 강북구 수유동 273-66
강북구,왕대박,서울 강북구 오패산로 115-1,서울 강북구 미아동 9-10
강북구,로또복권판매,서울 강북구 오현로31길 173,서울 강북구 번동 433-54번지
강북구,금금산(金金産)복방,서울 강북구 한천로123길 51,서울 강북구 번동 411-64번지
강북구,우이담배가게,서울 강북구 삼양로 371-1,서울 강북구 수유동 404-31번지
강북구,로또플러스,서울 강북구 도봉로50길 11,서울 강북구 미아동 121-39
강북구,로또복권판매,서울 강북구 솔샘로67길 71,서울 강북구 미아동 323-17
강북구,복권전문점,서울 강북구 솔샘로64길 43,서울 강북구 미아동 460-55번지
강북구,천하명당 미아점,서울 강북구 솔샘로 283,서울 강북구 미아동 707-25
강북구,광산마트,서울 강북구 한천로 1078-1,서울 강북구 수유동 182-34
강북구,복권천하,서울 강북구 월계로7나길 23,서울 강북구 송중동 54-248번지
강북구,안목마트,서울 강북구 한천로 1024,서울 강북구 번동 463-33번지
강북구,에덴복권사무써비스,서울 강북구 덕릉로 5,서울 강북구 수유동 455-80번지
강북구,씨스페이스(미아3점),서울 강북구 솔매로 124,서울 강북구 미아동 304-20번지
강북구,GS25(수유점),서울 강북구 한천로 1038,서울 강북구 수유동 174-17번지
강북구,CU(수유대로점),서울 강북구 노해로 121,서울 강북구 수유동 724-3번지
강북구,GS25(수유역점),서울 강북구 도봉로 350,서울 강북구 번동 418-9번지
강서구,금손로또,서울 강서구 공항대로8길 35,서울 강서구 공항동 41-74
강서구,등촌역로또 네모서비스,서울 강서구 등촌로55길 8 D.오피스,서울 강서구 등촌동 506-14
강서구,일등복권,서울 강서구 초원로 83,서울 강서구 방화동 247-109
강서구,넥스트 이노베이션,서울 강서구 공항대로63길 8,서울 강서구 염창동 272-5
강서구,행운로또 발산역점,서울 강서구 공항대로 282 현웅빌딩,서울 강서구 내발산동 645-3
강서구,로또판매점,서울 강서구 공항대로41길 34 플러스존,서울 강서구 등촌동 700
강서구,강서로또,서울 강서구 양천로 401 강서한강자이타워,서울 강서구 가양동 1498
강서구,로또카페,서울 강서구 강서로74길 3 가양빌딩,서울 강서구 가양동 129-15
강서구,모모복권,서울 강서구 양천로14길 35,서울 강서구 방화동 564-94
강서구,행운편의점,서울 강서구 곰달래로25길 16,서울 강서구 화곡동 391-46
강서구,코코마켓,서울 강서구 화곡로 137 전원빌딩,서울 강서구 화곡동 1066-1
강서구,오피스복권,서울 강서구 곰달래로 122 디아인스,서울 강서구 화곡동 899-31
강서구,아비스,서울 강서구 마곡중앙1로 71 마곡13단지힐스테이트마스터,서울 강서구 마곡동 748
강서구,일등복권방,서울 강서구 등촌로 25,서울 강서구 화곡동 781-1
강서구,대림슈퍼복권방,서울 강서구 가로공원로76길 47,서울 강서구 화곡동 370-55번지
강서구,행복나눔통신,서울 강서구 양천로49길 4,서울 강서구 가양동 155-8번지
강서구,복권천국,서울 강서구 방화대로33길 66,서울 강서구 방화동 249-110번지
강서구,신명,서울 강서구 방화동로3길 1,서울 강서구 방화동 620-192번지
강서구,복권마을,서울 강서구 화곡로 318-1,서울 강서구 화곡6동 1117-10번지
강서구,아그네스,서울 강서구 방화동로 44,서울 강서구 방화동 609-187번지
강서구,또와식품,서울 강서구 양천로 694,서울 강서구 염창동 264-8번지
강서구,523마트,서울 강서구 양천로 626,서울 강서구 등촌1동 633-7번지
강서구,현대마트,서울 강서구 공항대로 649,서울 강서구 염창동 283-12번지
강서구,강서스포츠,서울 강서구 곰달래로 156-1,서울 강서구 화곡동 896-1
강서구,길부동산공인중개사사무소,서울 강서구 등촌로 215,서울 강서구 등촌2동 509-2번지
강서구,삼보복권,서울 강서구 방화대로21길 45,서울 강서구 공항동 14-17
강서구,화곡본마트,서울 강서구 까치산로4길 3,서울 강서구 화곡본동 98-60번지
강서구,씨유 개화산역점,서울 강서구 양천로 19,서울 강서구 방화동 498-4
강서구,새로나슈퍼,서울 강서구 강서로5나길 10,서울 강서구 화곡1동 904-10번지
강서구,강서슈퍼,서울 강서구 공항대로59길 29,서울 강서구 등촌동 646-32번지
강서구,금강식품,서울 강서구 강서로 207 영신빌딩,서울 강서구 화곡동 1024-10
강서구,만복가판,서울 강서구 화곡로 200,서울 강서구 화곡동 109-45
강서구,신영정보통신,서울 강서구 등촌로 61,서울 강서구 화곡4동 772-64번지
강서구,그랑프리안경,서울 강서구 강서로45길 13 선화빌딩,서울 강서구 화곡동 1007-2
강서구,명당마트,서울 강서구 양천로 91,서울 강서구 방화동 571-48번지
강서구,신일,서울 강서구 까치산로 179,서울 강서구 화곡6동 1115-37번지
강서구,명당,서울 강서구 강서로18가길 4,서울 강서구 화곡동 339-23
강서구,공원수퍼,서울 강서구 가로공원로72길 3,서울 강서구 화곡동 372-95번지
강서구,그린마트복권방,서울 강서구 까치산로 41-1,서울 강서구 화곡동 98-49번지
강서구,대박복권마트,서울 강서구 화곡로 227,서울 강서구 화곡동 111-67번지
강서구,공항로또,서울 강서구 공항대로 37,서울 강서구 공항동 28-5번지
강서구,하나로종합유통,서울 강서구 공항대로 23,서울 강서구 공항동 45-39
강서구,미나식품(로또판매점),서울 강서구 금낭화로 91-12,서울 강서구 방화동 484-23번지
강서구,강호닭,서울 강서구 곰달래로 181,서울 강서구 화곡동 871-8
강서구,잉크와복권,서울 강서구 가로공원로76가길 12,서울 강서구 화곡동 354-88번지
강서구,까치복권방,서울 강서구 가로공원로 208,서울 강서구 화곡동 368-32
강서구,9TO5공항점,서울 강서구 방화동로 14,서울 강서구 공항동 48-27번지
강서구,소리창고,서울 강서구 강서로 306,서울 강서구 내발산동 677-10번지
강서구,고마트,서울 강서구 방화동로 68,서울 강서구 방화동 607-214번지
강서구,세븐일레븐강서화곡예스점,서울 강서구 화곡로42길 35 큐모텔,서울 강서구 화곡동 29-52
강서구,편의점사랑,서울 강서구 곰달래로25길 57,서울 강서구 화곡동 341-1번지
강서구,GS25(가양2점),서울 강서구 허준로 47,서울 강서구 가양동 1461번지
강서구,금손로또,서울 강서구 공항대로8길 35,서울 강서구 공항동 41-74
강서구,등촌역로또 네모서비스,서울 강서구 등촌로55길 8 D.오피스,서울 강서구 등촌동 506-14
강서구,일등복권,서울 강서구 초원로 83,서울 강서구 방화동 247-109
강서구,넥스트 이노베이션,서울 강서구 공항대로63길 8,서울 강서구 염창동 272-5
강서구,행운로또 발산역점,서울 강서구 공항대로 282 현웅빌딩,서울 강서구 내발산동 645-3
강서구,로또판매점,서울 강서구 공항대로41길 34 플러스존,서울 강서구 등촌동 700
강서구,강서로또,서울 강서구 양천로 401 강서한강자이타워,서울 강서구 가양동 1498
강서구,로또카페,서울 강서구 강서로74길 3 가양빌딩,서울 강서구 가양동 129-15
강서구,모모복권,서울 강서구 양천로14길 35,서울 강서구 방화동 564-94
강서구,행운편의점,서울 강서구 곰달래로25길 16,서울 강서구 화곡동 391-46
강서구,코코마켓,서울 강서구 화곡로 137 전원빌딩,서울 강서구 화곡동 1066-1
강서구,오피스복권,서울 강서구 곰달래로 122 디아인스,서울 강서구 화곡동 899-31
강서구,아비스,서울 강서구 마곡중앙1로 71 마곡13단지힐스테이트마스터,서울 강서구 마곡동 748
강서구,일등복권방,서울 강서구 등촌로 25,서울 강서구 화곡동 781-1
강서구,대림슈퍼복권방,서울 강서구 가로공원로76길 47,서울 강서구 화곡동 370-55번지
강서구,행복나눔통신,서울 강서구 양천로49길 4,서울 강서구 가양동 155-8번지
강서구,복권천국,서울 강서구 방화대로33길 66,서울 강서구 방화동 249-110번지
강서구,신명,서울 강서구 방화동로3길 1,서울 강서구 방화동 620-192번지
강서구,복권마을,서울 강서구 화곡로 318-1,서울 강서구 화곡6동 1117-10번지
강서구,아그네스,서울 강서구 방화동로 44,서울 강서구 방화동 609-187번지
강서구,또와식품,서울 강서구 양천로 694,서울 강서구 염창동 264-8번지
강서구,523마트,서울 강서구 양천로 626,서울 강서구 등촌1동 633-7번지
강서구,현대마트,서울 강서구 공항대로 649,서울 강서구 염창동 283-12번지
강서구,강서스포츠,서울 강서구 곰달래로 156-1,서울 강서구 화곡동 896-1
강서구,길부동산공인중개사사무소,서울 강서구 등촌로 215,서울 강서구 등촌2동 509-2번지
강서구,삼보복권,서울 강서구 방화대로21길 45,서울 강서구 공항동 14-17
강서구,화곡본마트,서울 강서구 까치산로4길 3,서울 강서구 화곡본동 98-60번지
강서구,씨유 개화산역점,서울 강서구 양천로 19,서울 강서구 방화동 498-4
강서구,새로나슈퍼,서울 강서구 강서로5나길 10,서울 강서구 화곡1동 904-10번지
강서구,강서슈퍼,서울 강서구 공항대로59길 29,서울 강서구 등촌동 646-32번지
강서구,금강식품,서울 강서구 강서로 207 영신빌딩,서울 강서구 화곡동 1024-10
강서구,만복가판,서울 강서구 화곡로 200,서울 강서구 화곡동 109-45
강서구,신영정보통신,서울 강서구 등촌로 61,서울 강서구 화곡4동 772-64번지
강서구,그랑프리안경,서울 강서구 강서로45길 13 선화빌딩,서울 강서구 화곡동 1007-2
강서구,명당마트,서울 강서구 양천로 91,서울 강서구 방화동 571-48번지
강서구,신일,서울 강서구 까치산로 179,서울 강서구 화곡6동 1115-37번지
강서구,명당,서울 강서구 강서로18가길 4,서울 강서구 화곡동 339-23
강서구,공원수퍼,서울 강서구 가로공원로72길 3,서울 강서구 화곡동 372-95번지
강서구,그린마트복권방,서울 강서구 까치산로 41-1,서울 강서구 화곡동 98-49번지
강서구,대박복권마트,서울 강서구 화곡로 227,서울 강서구 화곡동 111-67번지
강서구,공항로또,서울 강서구 공항대로 37,서울 강서구 공항동 28-5번지
강서구,하나로종합유통,서울 강서구 공항대로 23,서울 강서구 공항동 45-39
강서구,미나식품(로또판매점),서울 강서구 금낭화로 91-12,서울 강서구 방화동 484-23번지
강서구,강호닭,서울 강서구 곰달래로 181,서울 강서구 화곡동 871-8
강서구,잉크와복권,서울 강서구 가로공원로76가길 12,서울 강서구 화곡동 354-88번지
강서구,까치복권방,서울 강서구 가로공원로 208,서울 강서구 화곡동 368-32
강서구,9TO5공항점,서울 강서구 방화동로 14,서울 강서구 공항동 48-27번지
강서구,소리창고,서울 강서구 강서로 306,서울 강서구 내발산동 677-10번지
강서구,고마트,서울 강서구 방화동로 68,서울 강서구 방화동 607-214번지
강서구,세븐일레븐강서화곡예스점,서울 강서구 화곡로42길 35 큐모텔,서울 강서구 화곡동 29-52
강서구,편의점사랑,서울 강서구 곰달래로25길 57,서울 강서구 화곡동 341-1번지
강서구,GS25(가양2점),서울 강서구 허준로 47,서울 강서구 가양동 1461번지
관악구,동행복권,서울 관악구 호암로 569,서울 관악구 신림동 1529-4
관악구,로또 6/45 복권판매점,서울 관악구 대학길 35,서울 관악구 신림동 246-23
관악구,정우로또,서울 관악구 남부순환로 1814-2,서울 관악구 봉천동 869-12
관악구,장수복권,서울 관악구 난곡로 223,서울 관악구 신림동 727-22
관악구,솔 복권방,서울 관악구 은천로 3,서울 관악구 봉천동 963-10
관악구,행운까페,서울 관악구 남부순환로 1680,서울 관악구 신림동 10-621
관악구,동행복권쑥고개점,서울 관악구 쑥고개로 56,서울 관악구 봉천동 1540-8
관악구,꿈꾸는섬,서울 관악구 봉천로23나길 49,서울 관악구 봉천동 953-20
관악구,모든홍삼,서울 관악구 은천로 28 봉일프라자,서울 관악구 봉천동 951-25
관악구,행운뚝딱,서울 관악구 관천로19길 75,서울 관악구 신림동 478-26
관악구,다복동행복권,서울 관악구 봉천로 335,서울 관악구 봉천동 950-25
관악구,관악복권,서울 관악구 난곡로 300,서울 관악구 신림동 1568-4
관악구,대박복권방,서울 관악구 서림길 3,서울 관악구 신림동 94-296
관악구,복권나라,서울 관악구 장군봉2길 11,서울 관악구 봉천동 946-15
관악구,체인지 로또,서울 관악구 조원로 14-8,서울 관악구 신림동 1654-12
관악구,스마트에스케이상사,서울 관악구 국회단지길 35,서울 관악구 봉천동 636-125
관악구,스타복권방,서울 관악구 봉천로 219,서울 관악구 봉천동 972-36
관악구,행복한 꿈 이야기,서울 관악구 남부순환로 1626-1,서울 관악구 신림동 11-18
관악구,대박로또,서울 관악구 은천로 177,서울 관악구 봉천동 41-200
관악구,로또명당일등점,서울 관악구 미성3길 4 진성빌딩,서울 관악구 신림동 730-8
관악구,소비자할인마트,서울 관악구 조원로10길 37,서울 관악구 조원동 1659-4번지
관악구,행운식품,서울 관악구 신원로3길 21,서울 관악구 신림동 1598-2
관악구,엑스트라봉천6동점,서울 관악구 관악로30길 12 봉천우성아파트,서울 관악구 봉천동 1706
관악구,신림용꿈돼지꿈,서울 관악구 남부순환로 1869,서울 관악구 봉천동 1673-16
관악구,복권명당,서울 관악구 장군봉1길 43,서울 관악구 봉천동 927-20
관악구,행운예감,서울 관악구 신림로17길 56,서울 관악구 신림동 1544-2
관악구,대풍복권,서울 관악구 남부순환로157길 63,서울 관악구 신림동 505-1
관악구,로또담배,서울 관악구 난곡로 82,서울 관악구 신림동 667-36
관악구,복권나라,서울 관악구 남부순환로 1739-9,서울 관악구 봉천동 926-25
관악구,천하명당,서울 관악구 난우길 18,서울 관악구 신림동 608-34
관악구,복권나라,서울 관악구 은천로 40-1,서울 관악구 봉천동 941-18
관악구,주택복권사랑방,서울 관악구 난곡로 363-1,서울 관악구 신림동 518-11
관악구,대성미니슈퍼,서울 관악구 남부순환로 1403 재룡빌딩,서울 관악구 신림동 566-8
관악구,혜성슈퍼,서울 관악구 호암로24길 42 법포,서울 관악구 신림동 1535
관악구,버스카드충전소,서울 관악구 남부순환로 1784,서울 관악구 봉천동 883-15
관악구,가로판매점,서울 관악구 과천대로 955,서울 관악구 남현동 1060-11
관악구,교통카드판매대,서울 관악구 신림로 101 밀라트,서울 관악구 신림동 240-4
관악구,버스카드판매대,서울 관악구 신림로 145-2,서울 관악구 신림동 1513
관악구,사당,서울 관악구 과천대로 953,서울 관악구 남현동 1061-59
관악구,가로가판대,서울 관악구 시흥대로 572 한성빌딩,서울 관악구 신림동 1643-6
관악구,예술인마을버스판매소,서울 관악구 남부순환로 2056 태림빌딩,서울 관악구 남현동 1057-22
관악구,보라매가판점,서울 관악구 보라매로 18,서울 관악구 봉천동 702-34
관악구,신림마트,서울 관악구 남부순환로 1588 신림빌딩,서울 관악구 신림동 1639-1
관악구,뮤직프라자,서울 관악구 신림로 266 부림빌딩,서울 관악구 신림동 848
관악구,행운복권방,서울 관악구 난곡로 172,서울 관악구 신림동 637-9
관악구,헬스프라자,서울 관악구 관악로 184,서울 관악구 봉천동 858-9
관악구,복권,서울 관악구 낙성대역길 91 우선빌딩,서울 관악구 봉천동 196-33
관악구,로또복권,서울 관악구 장군봉1길 29,서울 관악구 봉천동 930-3
관악구,행복만들기,서울 관악구 신사로10길 6,서울 관악구 신림동 517-6
관악구,대박로또,서울 관악구 난곡로 247,서울 관악구 신림동 763-20
관악구,복권명가,서울 관악구 관악로24길 70,서울 관악구 봉천동 20-15
관악구,로또판매점,서울 관악구 관천로10길 20,서울 관악구 신림동 1433-131
관악구,행운의복권방,서울 관악구 양녕로 37-1,서울 관악구 봉천동 899-20
관악구,호미복권방,서울 관악구 인헌4길 9,서울 관악구 봉천동 1638-6
관악구,천하명당관악점,서울 관악구 보라매로2길 11,서울 관악구 봉천동 698-32
관악구,행운나라,서울 관악구 양지길 2-1,서울 관악구 신림동 808-221
관악구,한마음,서울 관악구 관악로 211 봉천중앙시장,서울 관악구 봉천동 32-2
관악구,1등복권방,서울 관악구 남부순환로 1545,서울 관악구 신림동 465-26
관악구,GS25(관악봉천점),서울 관악구 관악로17길 25,서울 관악구 봉천동 876-1번지
관악구,GS25(신림신성점),서울 관악구 서림길 96,서울 관악구 신림동 103-109번지
관악구,GS25(신림도림점),서울 관악구 신림로 160,서울 관악구 신림동 112-41번지
관악구,GS25(신림두림점),서울 관악구 남부순환로 1648,서울 관악구 신림동 1411-9번지
관악구,GS25(신림역점),서울 관악구 남부순환로 1617,서울 관악구 신림동 1422-38번지
관악구,GS25(관악한일점),서울 관악구 승방2길 2,서울 관악구 남현동 602-11번지
관악구,GS25(신림수성점),서울 관악구 남부순환로 1507,서울 관악구 신림동 507-31
관악구,GS25(봉천메트로점),서울 관악구 남부순환로 1811,서울 관악구 봉천동 870-13번지
광진구,수 복권방,서울 광진구 능동로49길 41,서울 광진구 중곡동 230-16
광진구,복권명당 황금두꺼비점,서울 광진구 능동로 342,서울 광진구 중곡동 47-20
광진구,타니지니,서울 광진구 군자로 104-1,서울 광진구 군자동 102-32
광진구,땡Market,서울 광진구 광나루로52길 114,서울 광진구 구의동 220-61
광진구,승승복권방,서울 광진구 용마산로 28,서울 광진구 중곡동 92-47
광진구,된다로또,서울 광진구 용마산로16길 5,서울 광진구 중곡동 150-73
광진구,고고GOGO로또,서울 광진구 자양로15길 34,서울 광진구 자양동 612-55
광진구,진복권방,서울 광진구 동일로10길 19,서울 광진구 자양4동 249-27번지
광진구,히딩크복권방,서울 광진구 자양로13길 62,서울 광진구 자양동 623-28번지
광진구,복권명당,서울 광진구 영화사로 59,서울 광진구 중곡동 107-43
광진구,복권나라,서울 광진구 군자로 146 동진빌딩,서울 광진구 군자동 66-3
광진구,복권방,서울 광진구 자양로18길 34,서울 광진구 구의1동 246-70번지
광진구,천하명당복권방,서울 광진구 능동로 413,서울 광진구 중곡3동 167-3번지
광진구,대원복권방,서울 광진구 답십리로 382,서울 광진구 중곡동 561-2번지
광진구,행운의집,서울 광진구 능동로19길 7,서울 광진구 화양동 111-114
광진구,보성상회,서울 광진구 아차산로 343,서울 광진구 자양1동 774-14번지
광진구,세븐일레븐 강변테크노마트점,서울 광진구 광나루로56길 85,서울 광진구 구의동 546-4번지
광진구,현대식품,서울 광진구 아차산로 413,서울 광진구 구의1동 243-22번지
광진구,로그인,서울 광진구 동일로62길 13,서울 광진구 중곡동 634-4
광진구,오렌지스토아,서울 광진구 면목로 105,서울 광진구 중곡동 245-1번지
광진구,MS마트,서울 광진구 광나루로 546 두성빌딩,서울 광진구 구의동 229-7
광진구,가로매점,서울 광진구 광나루로 375-1,서울 광진구 군자동 361-28번지
광진구,가판,서울 광진구 용마산로 55,서울 광진구 중곡동 124-11번지
광진구,백악관앞가판,서울 광진구 천호대로 647,서울 광진구 중곡동 115-4번지
광진구,토큰판매소,서울 광진구 구의강변로 42,서울 광진구 구의3동 546-7번지
광진구,군자로또점,서울 광진구 능동로 295,서울 광진구 군자동 477-18번지
광진구,아차산역가로판매점,서울 광진구 천호대로 665,서울 광진구 구의2동 53-4번지
광진구,자양사거리가로매점,서울 광진구 자양로 95,서울 광진구 자양1동 219-2번지
광진구,문구박사,서울 광진구 능동로13길 60,서울 광진구 화양동 15-59번지
광진구,글사랑(책대여점),서울 광진구 천호대로112길 10,서울 광진구 능동 222-5번지
광진구,뉴골드나라,서울 광진구 광나루로 521,서울 광진구 구의동 66-92번지
광진구,은혜기획사로또,서울 광진구 영화사로 15,서울 광진구 중곡동 83-8번지
광진구,광나루복권방,서울 광진구 아차산로 591,서울 광진구 광장동 244-6번지
광진구,청송상회,서울 광진구 광나루로40길 73,서울 광진구 구의동 222-64번지
광진구,동서울로또,서울 광진구 강변역로 50 동서울터미널빌딩,서울 광진구 구의동 546-1
광진구,Today,서울 광진구 광나루로56길 85,서울 광진구 구의동 546-4번지
광진구,이마트24 군자CGV점,서울 광진구 능동로 285,서울 광진구 군자동 1-1
광진구,로또천국,서울 광진구 군자로 85-1,서울 광진구 군자동 345번지
광진구,세븐몽키스커피,서울 광진구 면목로 37,서울 광진구 군자동 469-22번지
광진구,성동약국,서울 광진구 자양번영로 11,서울 광진구 자양동 584-13번지
광진구,복권명당(로또판매점),서울 광진구 뚝섬로 602,서울 광진구 자양동 608-11번지
광진구,로또복권,서울 광진구 긴고랑로 38,서울 광진구 중곡동 244-1번지
광진구,복권365,서울 광진구 뚝섬로23길 44,서울 광진구 자양동 553-12
광진구,오로라복권방,서울 광진구 뚝섬로 625,서울 광진구 자양동 616-33번지
광진구,복권마을,서울 광진구 뚝섬로 493,서울 광진구 자양4동 45-1번지
광진구,엘도라도복권점문점,서울 광진구 용마산로 47,서울 광진구 중곡동 124-65번지
광진구,복권나라,서울 광진구 동일로24길 68,서울 광진구 화양동 47-43번지
광진구,우리식품,서울 광진구 아차산로 589,서울 광진구 광장동 244-24번지
광진구,GS25(광나루점),서울 광진구 아차산로78길 182,서울 광진구 광장동 323-2번지
광진구,GS25(건대제일점),서울 광진구 아차산로25길 7,서울 광진구 화양동 49-1번지
광진구,씨스페이스(군자역점),서울 광진구 면목로 56 군자그린빌딩,서울 광진구 중곡동 640-3
광진구,CU(구의그린점),서울 광진구 자양로 194,서울 광진구 구의동 234-16
구로구,다이아 복권방,서울 구로구 구로동로35길 6,서울 구로구 구로동 409-80
구로구,행운복권,서울 구로구 구로중앙로14길 39,서울 구로구 구로동 117-11
구로구,영영복권방,서울 구로구 경인로 225,서울 구로구 오류동 31-7
구로구,연타,서울 구로구 구로동로42길 50 신성스카이뷰,서울 구로구 구로동 508-7
구로구,대박로또,서울 구로구 고척로21나길 8-3,서울 구로구 개봉동 33-20
구로구,고척대박복권&카페,서울 구로구 경인로47길 68,서울 구로구 고척동 52-42
구로구,만조복권,서울 구로구 고척로 235,서울 구로구 고척동 194-4
구로구,은성로또,서울 구로구 서해안로 2102 솔보프라자,서울 구로구 항동 119-6
구로구,씨유구로미래지오점,서울 구로구 디지털로32나길 17-45,서울 구로구 구로동 810
구로구,로또 光복권,서울 구로구 개봉로23가길 37,서울 구로구 개봉동 173-3
구로구,행운로또복권판매점,서울 구로구 고척로 123-2,서울 구로구 개봉동 124-13
구로구,다모아,서울 구로구 공원로6나길 39-1,서울 구로구 구로동 29-21
구로구,다모아복권방,서울 구로구 서해안로30길 13-7,서울 구로구 오류동 137-46번지
구로구,다모아복권,서울 구로구 경인로19길 4,서울 구로구 오류동 315-14번지
구로구,복권방,서울 구로구 도림로 55-1,서울 구로구 구로4동 767-182번지
구로구,코사마트,서울 구로구 공원로 35,서울 구로구 구로5동 108-2번지
구로구,복권세계,서울 구로구 우마길 4,서울 구로구 가리봉동 124-2번지
구로구,주택복권사랑방,서울 구로구 경인로53길 15,서울 구로구 구로동 1258번지
구로구,로또샹스카페,서울 구로구 남부순환로105길 14,서울 구로구 가리봉동 135-68번지
구로구,복권마을,서울 구로구 구로동로 72,서울 구로구 구로4동 805-20번지
구로구,복권명가,서울 구로구 개봉로 26,서울 구로구 개봉동 403-165번지
구로구,경남마트,서울 구로구 고척로52길 21,서울 구로구 고척2동 306번지
구로구,천하명당,서울 구로구 오류로 60 성진빌딩,서울 구로구 오류동 170-11
구로구,과자종합상사,서울 구로구 경인로33길 82,서울 구로구 고척2동 269-5번지
구로구,공단 복권방,서울 구로구 남부순환로105길 52,서울 구로구 가리봉동 127-11
구로구,현진식품,서울 구로구 중앙로 32,서울 구로구 고척1동 52-346번지
구로구,24시미니슈퍼,서울 구로구 도림로 94,서울 구로구 구로3동 147-6번지
구로구,미래하이퍼,서울 구로구 디지털로 232,서울 구로구 가리봉동 134-116
구로구,행복편의점,서울 구로구 구로중앙로 14,서울 구로구 구로동 142-65번지
구로구,버스토큰판매소,서울 구로구 시흥대로 577,서울 구로구 구로동 1123-1번지
구로구,교통카드판매대,서울 구로구 경인로 661,서울 구로구 신도림동 337번지
구로구,가판점,서울 구로구 경인로3길 지하 64,서울 구로구 온수동 119번지
구로구,종합가판점,서울 구로구 가마산로 245,서울 구로구 구로동 435번지
구로구,서울구가-17가판,서울 구로구 구로동로 130-2,서울 구로구 구로4동 731-4번지
구로구,버스토큰판매소,서울 구로구 경인로 323,서울 구로구 개봉1동 157-13번지
구로구,해피데이,서울 구로구 구로중앙로 216-1,서울 구로구 구로동 612-9
구로구,GS25궁동상지점,서울 구로구 부일로15길 29,서울 구로구 궁동 208-16번지
구로구,애니콜플라자,서울 구로구 구로중앙로 31,서울 구로구 구로동 136-40번지
구로구,탑공인중개사,서울 구로구 개봉로 63,서울 구로구 개봉동 403-53번지
구로구,가로판매소,서울 구로구 새말로 97 신도림테크노마트,서울 구로구 구로동 3-25
구로구,대박복권방,서울 구로구 개봉로17길 18,서울 구로구 개봉동 327-22번지
구로구,명당 구로동 복권 판매점,서울 구로구 가마산로 219,서울 구로구 구로동 430
구로구,고경식품,서울 구로구 경인로 381,서울 구로구 고척동 72-28번지
구로구,로또복권판매소,서울 구로구 디지털로27길 90,서울 구로구 구로3동 797-70번지
구로구,로또편의점,서울 구로구 구로중앙로24길 22-2,서울 구로구 구로동 536-46
구로구,로또복권방,서울 구로구 고척로 97,서울 구로구 개봉동 63-4번지
구로구,프로또마트,서울 구로구 고척로 156,서울 구로구 고척2동 265-7번지
구로구,서하네,서울 구로구 개봉로20길 66,서울 구로구 개봉동 407-15번지
구로구,광장하이퍼,서울 구로구 경인로53길 15,서울 구로구 구로동 1258번지
구로구,스포츠토토,서울 구로구 시흥대로 577-11,서울 구로구 구로동 1123-3
구로구,성원,서울 구로구 구로동로26길 65,서울 구로구 구로동 730-4번지
구로구,유성포장,서울 구로구 도림로 85,서울 구로구 구로동 145-1번지
구로구,GS25(구로미성점),서울 구로구 구로중앙로 228,서울 구로구 신도림동 399번지
구로구,GS25(구로제일점),서울 구로구 구일로4길 33,서울 구로구 구로동 685-215번지
구로구,GS25(신구로점),서울 구로구 가마산로 282 대림오피스밸리,서울 구로구 구로동 97-3
금천구,꿈앤행운 로또복권방,서울 금천구 금하로 714,서울 금천구 시흥동 911-3
금천구,동행복권,서울 금천구 독산로 171 다복타운,서울 금천구 독산동 1044-10
금천구,복권판매점(인수네 대박명당복권방),서울 금천구 시흥대로136길 27,서울 금천구 독산동 165-25
금천구,골드스파,서울 금천구 시흥대로 432,서울 금천구 독산동 159-20
금천구,가산복권,서울 금천구 시흥대로153길 71,서울 금천구 가산동 149-1
금천구,초대박복권판매점,서울 금천구 시흥대로 449-7,서울 금천구 독산동 150-16
금천구,로또대박디자인스토리,서울 금천구 독산로35길 15-25 준건설에이,서울 금천구 시흥동 849
금천구,내차례복권,서울 금천구 금하로 698,서울 금천구 시흥동 909-8
금천구,행운복권방,서울 금천구 가산디지털1로 168 우림라이온스밸리,서울 금천구 가산동 371-28
금천구,하이로또,서울 금천구 금하로 686,서울 금천구 시흥동 908-2
금천구,코사마트독산점,서울 금천구 독산로75길 15,서울 금천구 독산동 1018-26
금천구,영광생활유통,서울 금천구 범안로 1186,서울 금천구 독산동 1006-19
금천구,하늘담 복권,서울 금천구 시흥대로 97 시흥유통상가,서울 금천구 시흥동 984
금천구,복권방,서울 금천구 시흥대로 90 정송빌딩,서울 금천구 시흥동 954-7
금천구,세븐복권,서울 금천구 벚꽃로 244 벽산디지털밸리5차,서울 금천구 가산동 60-73
금천구,대박복권방,서울 금천구 독산로64길 18,서울 금천구 독산동 378-235
금천구,천하명당복권방독산점,서울 금천구 독산로85길 16,서울 금천구 독산동 989-16
금천구,시흥식품,서울 금천구 시흥대로63길 13,서울 금천구 시흥동 121-10
금천구,럭키슈퍼,서울 금천구 시흥대로 143,서울 금천구 시흥동 985-12
금천구,유창슈퍼,서울 금천구 범안로17길 41 진도3차아파트,서울 금천구 독산동 1136
금천구,대화식품,서울 금천구 가산로 53,서울 금천구 독산동 296-16
금천구,로또 명당 가판점,서울 금천구 남부순환로 1390 전영수내과의원,서울 금천구 독산동 876-2
금천구,가로판매점,서울 금천구 시흥대로 480,서울 금천구 독산3동 967-19번지
금천구,가로판매점,서울 금천구 시흥대로 217 시흥동우체국,서울 금천구 시흥동 993-2
금천구,88수퍼,서울 금천구 가산로 130,서울 금천구 가산동 145-23
금천구,교통카드충전소,서울 금천구 시흥대로 398,서울 금천구 독산동 1012
금천구,가로판매점,서울 금천구 시흥대로 212,서울 금천구 시흥동 889-13
금천구,복권소매,서울 금천구 가산로5길 77,서울 금천구 가산동 237-26
금천구,새시대복권방,서울 금천구 탑골로 6-1,서울 금천구 시흥동 249-11
금천구,로또복권판매,서울 금천구 시흥대로62길 42,서울 금천구 시흥동 880-1
금천구,해태식품,서울 금천구 시흥대로50길 9,서울 금천구 시흥동 890-15
금천구,로또,서울 금천구 두산로3길 52,서울 금천구 가산동 237-135
금천구,한방복권방,서울 금천구 가산로3길 10,서울 금천구 독산동 297-12
금천구,행운미니슈퍼,서울 금천구 독산로44길 61 하이빌,서울 금천구 시흥동 793-1
금천구,선서적,서울 금천구 독산로74길 6,서울 금천구 독산동 1020-3
금천구,반도서점,서울 금천구 독산로 136,서울 금천구 시흥동 803-3
금천구,GS25(트윈테크점),서울 금천구 가산디지털1로 119 SK트윈테크타워,서울 금천구 가산동 345-9
금천구,GS25(시흥별장점),서울 금천구 금하로24가길 4,서울 금천구 시흥동 915번지
노원구,단지정육점,서울 노원구 섬밭로 287,서울 노원구 중계동 504-1
노원구,로또 복권,서울 노원구 한글비석로 436,서울 노원구 상계동 167-20
노원구,행운커피,서울 노원구 동일로180길 24,서울 노원구 공릉동 584-2
노원구,로또천국,"서울 노원구 동일로 1280 중계무지개아파트2단지상가,유치원",서울 노원구 중계동 512
노원구,공릉또또점,서울 노원구 공릉로 163,서울 노원구 공릉동 411-7
노원구,천하명당로또,서울 노원구 한글비석로31길 17,서울 노원구 상계동 389-75
노원구,로또클럽,서울 노원구 상계로23길 28,서울 노원구 상계동 389-447
노원구,세븐일레븐 상계행복점,서울 노원구 한글비석로36길 36,서울 노원구 상계동 155-11
노원구,나눔의 로또,서울 노원구 한글비석로 396 벽산아파트,서울 노원구 상계동 173-1
노원구,행운사,서울 노원구 석계로 8-1,서울 노원구 월계동 47-17
노원구,노다지 노원역점 복권방,서울 노원구 상계로 78,서울 노원구 상계동 340-1번지
노원구,럭키복권방,서울 노원구 노원로 428,서울 노원구 상계동 1282번지
노원구,평강슈퍼,서울 노원구 노해로75길 14-2,서울 노원구 상계동 704번지
노원구,굿데이,서울 노원구 화랑로 421,서울 노원구 공릉동 683-16번지
노원구,장수식품,서울 노원구 동일로214길 21,서울 노원구 상계동 751-1번지
노원구,인동상회,서울 노원구 한글비석로 396,서울 노원구 상계5동 173-1번지
노원구,동아슈퍼,서울 노원구 노원로 522,서울 노원구 상계10동 673번지
노원구,스파,서울 노원구 동일로 1493 상계주공아파트(10단지),서울 노원구 상계동 666-3
노원구,황금대박점,서울 노원구 공릉로 328,서울 노원구 하계동 180-11번지
노원구,가판점,서울 노원구 동일로 1231-2,서울 노원구 중계동 503-3
노원구,신문판매대,서울 노원구 동일로174길 32,서울 노원구 공릉동 661-1
노원구,지원물산,서울 노원구 공릉로 108,서울 노원구 공릉동 644-12번지
노원구,미래복권,서울 노원구 동일로191길 7,서울 노원구 공릉동 398-4
노원구,기린통신,서울 노원구 덕릉로 680 보고프라자,서울 노원구 중계동 157-26
노원구,대진,서울 노원구 동일로 1624,서울 노원구 상계1동 1025-40번지
노원구,행운복권,서울 노원구 동일로 992,서울 노원구 공릉1.3동 617-7번지
노원구,내복권방,서울 노원구 노원로1나길 5,서울 노원구 공릉동 240-228
노원구,로또판매점,서울 노원구 상계로 309-1,서울 노원구 상계동 111-475
노원구,로또수락산점,서울 노원구 동일로 1689,서울 노원구 상계동 1262번지
노원구,로또노원역점,서울 노원구 상계로3길 16,서울 노원구 상계동 593-2번지
노원구,성보복권,서울 노원구 석계로 98-1,서울 노원구 월계동 414-2
노원구,로또판매,서울 노원구 한글비석로15길 27,서울 노원구 중계동 430-37번지
노원구,행운마트,서울 노원구 중계로 96,서울 노원구 중계동 27-79번지
노원구,동우정보통신,서울 노원구 상계로 316,서울 노원구 상계동 111-561
노원구,복권명당,서울 노원구 동일로 1032,서울 노원구 공릉동 567-5번지
노원구,동양마트,서울 노원구 상계로5길 12,서울 노원구 상계동 1305번지
노원구,꽃제비칼국수,서울 노원구 광운로12길 13,서울 노원구 월계동 407-16번지
노원구,대박나는집,서울 노원구 덕릉로 718 중계동건영아파트,서울 노원구 중계동 586
노원구,서울상사,서울 노원구 월계로49길 5 월계1단지주공아파트,서울 노원구 월계동 600
노원구,GS25(중계동진점),서울 노원구 중계로 205,서울 노원구 중계동 364-23번지
노원구,CU(노원마들점),서울 노원구 동일로 1548 세일빌딩,서울 노원구 상계동 649-3
노원구,CU(상계주공점),서울 노원구 동일로 1345 인천빌딩,서울 노원구 상계동 763-6
노원구,CU(중계위성점),서울 노원구 한글비석로 231 위성프라자,서울 노원구 중계동 360-13
노원구,GS25(상계역점),서울 노원구 한글비석로24길 63,서울 노원구 상계동 155-13번지
노원구,CU(상계벽산점),서울 노원구 한글비석로24길 32,서울 노원구 상계동 169-197번지
노원구,씨스페이스(노원점),서울 노원구 노해로 508 상계주공6단지아파트,서울 노원구 상계동 720
도봉구,돈벼락,서울 도봉구 도봉로 675,서울 도봉구 방학동 703-65
도봉구,도깨비로또명당,서울 도봉구 도당로 77,서울 도봉구 방학동 662-36
도봉구,인생복권,서울 도봉구 방학로2길 48,서울 도봉구 방학동 682
도봉구,라라랜드,서울 도봉구 도봉로156길 8,서울 도봉구 도봉동 623-1
도봉구,동아로또,서울 도봉구 우이천로 486-1,서울 도봉구 쌍문동 520-14
도봉구,도래미슈퍼,서울 도봉구 도당로15길 43,서울 도봉구 방학동 635-17
도봉구,포시즌,서울 도봉구 도당로 7,서울 도봉구 쌍문동 20
도봉구,행운로또,서울 도봉구 도당로27길 37,서울 도봉구 방학동 646-41
도봉구,행복로또방,서울 도봉구 도봉로 879,서울 도봉구 도봉동 562-40
도봉구,드림 편의점,서울 도봉구 덕릉로60길 26,서울 도봉구 창동 565-9
도봉구,대박복권방,서울 도봉구 방학로 160,서울 도봉구 방학동 665-9번지
도봉구,넘보원 마트,서울 도봉구 도봉로165길 2,서울 도봉구 도봉1동 596-24번지
도봉구,복권전문점,서울 도봉구 도당로 123-1,서울 도봉구 방학1동 658-27번지
도봉구,나눔,서울 도봉구 도당로13길 34,서울 도봉구 방학동 634번지
도봉구,영훈슈퍼마켓,서울 도봉구 덕릉로 222,서울 도봉구 창3동 557-5번지
도봉구,한아름유통,서울 도봉구 노해로41길 38-17,서울 도봉구 쌍문동 281-52번지
도봉구,국민슈퍼,서울 도봉구 도봉로 588,서울 도봉구 창5동 731-55번지
도봉구,돼지슈퍼,서울 도봉구 삼양로 628,서울 도봉구 쌍문동 512-23번지
도봉구,오성할인마트,서울 도봉구 도봉로 505,서울 도봉구 쌍문동 88-127번지
도봉구,가판대,서울 도봉구 마들로 859-19,서울 도봉구 도봉동 30-1
도봉구,가판점,서울 도봉구 도봉로 767,서울 도봉구 도봉동 616-19번지
도봉구,패기통신,서울 도봉구 노해로 389,서울 도봉구 창4동 16번지
도봉구,헬로마트,서울 도봉구 도봉로170길 8,서울 도봉구 도봉2동 89-148번지
도봉구,복권랜드,서울 도봉구 도당로 143 대원제니스빌,서울 도봉구 방학동 656-9
도봉구,로또,서울 도봉구 마들로 664,서울 도봉구 도봉동 636-12
도봉구,금정복권방,서울 도봉구 해등로 168,서울 도봉구 쌍문동 49-1
도봉구,로또복권,서울 도봉구 도봉로113길 15,서울 도봉구 쌍문동 98-9
도봉구,삼호복권,서울 도봉구 도봉로 457,서울 도봉구 쌍문동 96-43번지
도봉구,무지개복권,서울 도봉구 우이천로 350,서울 도봉구 쌍문동 349-25
도봉구,일성,서울 도봉구 덕릉로57길 18,서울 도봉구 창동 581-55
도봉구,현대,서울 도봉구 도봉로110길 74,서울 도봉구 창동 674-23
도봉구,정원복권방,서울 도봉구 도봉로 468 흥일빌딩,서울 도봉구 창동 655-20
도봉구,행운복권방,서울 도봉구 노해로63길 79,서울 도봉구 창동 134-36번지
도봉구,행운로또방,서울 도봉구 우이천로20길 37,서울 도봉구 창동 635-2번지
도봉구,까치(소식5),서울 도봉구 도봉로 733,서울 도봉구 도봉동 620-19번지
도봉구,복권방 담배,서울 도봉구 도당로 91,서울 도봉구 방학2동 661-26번지
도봉구,가판 창동역점,서울 도봉구 마들로11길 73,서울 도봉구 창동 3-3번지
도봉구,충남상회,서울 도봉구 도봉로155길 20,서울 도봉구 도봉1동 616-31번지
도봉구,gs25녹천본점,서울 도봉구 덕릉로 349,서울 도봉구 창동 373번지
도봉구,GS25(방학점),서울 도봉구 시루봉로 219,서울 도봉구 방학동 603-28
도봉구,GS25(창동본점),서울 도봉구 노해로69길 21-15,서울 도봉구 창동 12
도봉구,CU(창동미소점),서울 도봉구 노해로63가길 14,서울 도봉구 창동 254-23
동대문구,365복권,서울 동대문구 제기로 154,서울 동대문구 청량리동 36-12
동대문구,복권점,서울 동대문구 전농로 136,서울 동대문구 전농동 33-38
동대문구,시장상회,서울 동대문구 한빛로 58-2,서울 동대문구 용두동 232-1
동대문구,대성복권,서울 동대문구 무학로 72,서울 동대문구 용두동 129-414
동대문구,천하1등로또방,서울 동대문구 한천로18길 32,서울 동대문구 장안동 183-2
동대문구,퍼스트 로또,서울 동대문구 이문로 136 이문동 웰츠타워,서울 동대문구 이문동 292-10
동대문구,동행복권,서울 동대문구 전농로 149,서울 동대문구 전농동 295-110
동대문구,다담,서울 동대문구 장한로18길 50,서울 동대문구 장안동 349-1
동대문구,행운드림복권방,서울 동대문구 천호대로69길 12 골든메카,서울 동대문구 답십리동 530-8
동대문구,제기우리로또,서울 동대문구 약령서길 96-1,서울 동대문구 제기동 887-132
동대문구,수정슈퍼,서울 동대문구 한천로 215,서울 동대문구 전농동 2-42
동대문구,잭팟 복권방,서울 동대문구 회기로 171,서울 동대문구 회기동 346-20
동대문구,노다지복권방,서울 동대문구 한빛로 1-1,서울 동대문구 신설동 84-1번지
동대문구,복권나라,서울 동대문구 천호대로 10,서울 동대문구 신설동 103-3번지
동대문구,복권,서울 동대문구 신이문로 33,서울 동대문구 이문동 237-107번지
동대문구,제일복권,서울 동대문구 회기로 194,서울 동대문구 휘경동 319-1번지
동대문구,J수퍼,서울 동대문구 왕산로 211,서울 동대문구 청량리동 258
동대문구,복권천국,서울 동대문구 전농로 38,서울 동대문구 답십리동 266-1번지
동대문구,바이더웨이,서울 동대문구 회기로25길 133,서울 동대문구 이문2동 283-12번지
동대문구,하나로슈퍼,서울 동대문구 고산자로 484,서울 동대문구 제기동 844번지
동대문구,엔마트,서울 동대문구 장한로31길 10,서울 동대문구 장안2동 304-5번지
동대문구,그린슈퍼,서울 동대문구 왕산로 138,서울 동대문구 용두동 24-4
동대문구,미래마트,서울 동대문구 장한로 146,서울 동대문구 장안동 309-3번지
동대문구,일등복권방,서울 동대문구 사가정로 125,서울 동대문구 전농동 38-12번지
동대문구,경성식품,서울 동대문구 망우로21길 52,서울 동대문구 휘경1동 192-5번지
동대문구,위드미 외대이문점,서울 동대문구 외대역동로 106,서울 동대문구 이문1동 120-36번지
동대문구,경복식품,서울 동대문구 무학로 189,서울 동대문구 용두동 193-78번지
동대문구,우성빨래방,서울 동대문구 장한로 147,서울 동대문구 장안2동 306-3번지
동대문구,명당복권,서울 동대문구 왕산로 112-1,서울 동대문구 용두동 711-4번지
동대문구,종합가판점,서울 동대문구 왕산로 206-2,서울 동대문구 전농동 620-67
동대문구,토큰박스,서울 동대문구 이문로 93 민족통일MJ캠퍼스외대,서울 동대문구 이문동 329-1
동대문구,로또판매점,서울 동대문구 홍릉로1길 5,서울 동대문구 청량리동 741
동대문구,투데이,서울 동대문구 천호대로 67,서울 동대문구 용두동 118-81
동대문구,돈우리,서울 동대문구 한천로 89,서울 동대문구 답십리2동 902번지
동대문구,보성정보통신,서울 동대문구 장한로2길 24,서울 동대문구 장안동 464-6번지
동대문구,복권명당,서울 동대문구 왕산로33길 35,서울 동대문구 제기동 621-7
동대문구,이가복권방,서울 동대문구 서울시립대로 45,서울 동대문구 전농동 644-90
동대문구,현대비디오,서울 동대문구 장한로25길 45,서울 동대문구 장안1동 389-1번지
동대문구,참텔레콤,서울 동대문구 전농로 86-1,서울 동대문구 답십리2동 53-6번지
동대문구,대박복권,서울 동대문구 전농로10길 20,서울 동대문구 답십리동 80번지
동대문구,유니온복권,서울 동대문구 한천로 174,서울 동대문구 장안동 119-18
동대문구,형제상회,서울 동대문구 무학로 92,서울 동대문구 용두동 127-38
동대문구,고대잉크복권방,서울 동대문구 이문로 76,서울 동대문구 이문동 336-3
동대문구,대박,서울 동대문구 천호대로 281,서울 동대문구 답십리동 495-1번지
동대문구,장안홈타운,서울 동대문구 장한로18길 88,서울 동대문구 장안동 355-1
동대문구,로또마트,서울 동대문구 한천로2길 89,서울 동대문구 장안1동 418-11번지
동대문구,준로또,서울 동대문구 한천로14길 56,서울 동대문구 장안동 427-2
동대문구,미니상회,서울 동대문구 왕산로 171,서울 동대문구 제기동 652-2번지
동대문구,세븐로또,서울 동대문구 고산자로29길 6,서울 동대문구 용두동 40-4번지
동대문구,설미희꽃돼지복권,서울 동대문구 회기로 131,서울 동대문구 회기동 60-54
동대문구,청량로또,서울 동대문구 왕산로43길 36,서울 동대문구 청량리동 53-20
동대문구,신나라복권나라,서울 동대문구 이문로 201,서울 동대문구 이문동 251-7
동대문구,살맛나는 세상,서울 동대문구 한천로46길 56-4,서울 동대문구 장안동 93-86
동대문구,로또가맹점,서울 동대문구 왕산로 20,서울 동대문구 신설동 98-27
동대문구,로또 장안점,서울 동대문구 한천로 196,서울 동대문구 장안동 108-6
동대문구,네잎클로버복권방,서울 동대문구 사가정로 230,서울 동대문구 장안동 286-1
동대문구,샛별로또,서울 동대문구 한천로 422,서울 동대문구 이문동 98-7
동대문구,명당복권방,서울 동대문구 사가정로25길 17,서울 동대문구 장안동 98-6번지
동대문구,북앤파트너,서울 동대문구 한천로 84-1,서울 동대문구 장안동 188-17번지
동대문구,천하명당복권방,서울 동대문구 전농로 105-1,서울 동대문구 답십리동 99-22번지
동대문구,행운복권방,서울 동대문구 사가정로2길 134,서울 동대문구 답십리동 490-98번지
동대문구,현대복권방,서울 동대문구 홍릉로3길 6-1,서울 동대문구 청량리동 719번지
동대문구,노다지,서울 동대문구 한천로 55,서울 동대문구 답십리동 12-18번지
동대문구,금화당안경원,서울 동대문구 천호대로83길 52,서울 동대문구 장안동 430-9번지
동대문구,웨이스탑(전농점),서울 동대문구 전농로 129,서울 동대문구 전농동 295-143번지
동대문구,CU(홍릉점),서울 동대문구 제기로 73,서울 동대문구 청량리동 520-55번지
동대문구,CU(휘경주공점),서울 동대문구 한천로 264,서울 동대문구 휘경동 57-1번지
동대문구,GS25(시립대점),서울 동대문구 전농로 222,서울 동대문구 전농2동 103-340번지
동대문구,CU(용두으뜸점),서울 동대문구 안암로 52,서울 동대문구 용두동 730-1번지
동대문구,GS25(경희점),서울 동대문구 경희대로3길 2,서울 동대문구 회기동 36-26번지
동대문구,CU(경동사거리점),서울 동대문구 천호대로27길 73,서울 동대문구 용두동 52-1번지
동대문구,GS25(이문쌍용점),서울 동대문구 한천로58길 47,서울 동대문구 이문동 64
동대문구,CU(촬영소사거리점),서울 동대문구 답십리로 237,서울 동대문구 장안동 141-10번지
동작구,찐대박복권,서울 동작구 신대방길 96,서울 동작구 신대방동 591-74
동작구,금손 복권방,서울 동작구 상도로22길 13,서울 동작구 상도동 195-4
동작구,로또복권방,서울 동작구 장승배기로 131-1,서울 동작구 노량진동 231-121
동작구,일확천금 복권판매점,서울 동작구 상도로 110,서울 동작구 상도동 345-7
동작구,동행복권,서울 동작구 성대로29길 2 삐아제어린이집,서울 동작구 상도동 202-256
동작구,세계로생활가전,서울 동작구 보라매로 104,서울 동작구 신대방동 348-3
동작구,와이케이파트너스,서울 동작구 사당로 222,서울 동작구 사당동 265-29번지
동작구,복권세계,서울 동작구 신대방길 8,서울 동작구 신대방동 618-26번지
동작구,복권명당,서울 동작구 국사봉길 26,서울 동작구 신대방동 338-19
동작구,뉴현대칼라,서울 동작구 상도로 143 송암빌딩,서울 동작구 상도동 191-1
동작구,복권나라,서울 동작구 성대로 42 소망교회,서울 동작구 상도동 256-42
동작구,코사마트,서울 동작구 상도로 10-7,서울 동작구 대방동 401-5
동작구,개미식품,서울 동작구 노량진로 110,서울 동작구 노량진동 41-5
동작구,삼원미니슈퍼,서울 동작구 상도로 93,서울 동작구 상도동 328-7
동작구,상도편의점,서울 동작구 상도로 276,서울 동작구 상도1동 745-1
동작구,신영상회,서울 동작구 장승배기로 143,서울 동작구 노량진동 235-5
동작구,한냉매점,서울 동작구 노들로 674 노량진수산물도매시장,서울 동작구 노량진동 13-6
동작구,양지복권방,서울 동작구 장승배기로10길 130,서울 동작구 상도동 521
동작구,토로또가판점,서울 동작구 노량진로 172 대성제9주유소,서울 동작구 노량진동 148-8
동작구,토큰박스,서울 동작구 흑석로 106-5,서울 동작구 흑석동 102-25
동작구,Q마트,서울 동작구 장승배기로 146 노량진1동우편취급소,서울 동작구 노량진동 236-13
동작구,가판점,서울 동작구 상도로 246 일강빌딩,서울 동작구 상도동 32-10
동작구,현대서점,서울 동작구 등용로 127 대방동현대아파트,서울 동작구 대방동 502
동작구,학림서점,서울 동작구 노량진로 228 녹천약국,서울 동작구 본동 400
동작구,삼성열쇠공사,서울 동작구 만양로 90-1 예뜰미술학원,서울 동작구 노량진동 119-144
동작구,복권마을(사당점),서울 동작구 사당로16길 39,서울 동작구 사당동 313-2
동작구,천하명당복권방,서울 동작구 동작대로7길 11,서울 동작구 사당동 1031-1
동작구,로또,서울 동작구 등용로 63-8,서울 동작구 대방동 91-7번지
동작구,명당복권방,서울 동작구 양녕로 274 나들목,서울 동작구 상도1동 628
동작구,썬마트,서울 동작구 여의대방로22아길 15,서울 동작구 신대방2동 360-65번지
동작구,한누리,서울 동작구 동작대로27길 18,서울 동작구 사당동 132-6
동작구,천하명당,서울 동작구 동작대로33가길 11,서울 동작구 사당동 79-44
동작구,복권나라,서울 동작구 상도로 178 최안과,서울 동작구 상도동 368-14
동작구,씨스페이스(동작점),서울 동작구 대림로 34 현덕빌딩,서울 동작구 신대방동 690-20
동작구,GS25(사당드림점),서울 동작구 동작대로7길 56,서울 동작구 사당동 1038-51번지
동작구,GS25(사당남사점),서울 동작구 동작대로17길 10,서울 동작구 사당동 1005-54
동작구,GS25(사당역점),서울 동작구 동작대로1길 27,서울 동작구 사당동 1044-37번지
동작구,GS25(사당신동아점),서울 동작구 동작대로29길 46,서울 동작구 사당2동 128-12
동작구,GS25(신림로점),서울 동작구 보라매로 61-1,서울 동작구 신대방동 344-258번지
동작구,GS25(동작대방점),서울 동작구 상도로 80,서울 동작구 대방동 336-13번지
마포구,대박복권,서울 마포구 독막로 21,서울 마포구 합정동 413-8
마포구,행복드림,서울 마포구 창전로 48-1,서울 마포구 구수동 57-2
마포구,로또복권,서울 마포구 월드컵북로54길 17,서울 마포구 상암동 1597
마포구,럭키라쿤복권상암점,서울 마포구 월드컵북로44길 49,서울 마포구 상암동 35-1
마포구,연남복권방,서울 마포구 성미산로28길 25,서울 마포구 연남동 255-6
마포구,금손복권,서울 마포구 새창로 22,서울 마포구 도화동 38-5
마포구,행복로또,서울 마포구 마포대로 173 마포현대하이엘,서울 마포구 공덕동 463
마포구,만수르유통,서울 마포구 동교로 72-1,서울 마포구 합정동 428-22
마포구,운수좋은날,서울 마포구 월드컵북로 381 상암월드컵파크4단지,서울 마포구 상암동 1655
마포구,다람쥐로또,서울 마포구 동교로 40,서울 마포구 합정동 433-1
마포구,금광복권방,서울 마포구 성암로3길 14,서울 마포구 중동 238
마포구,복권방,서울 마포구 백범로 127,서울 마포구 염리동 154-10번지
마포구,복권천국방,서울 마포구 동교로 92,서울 마포구 서교동 480-1번지
마포구,복권백화점,서울 마포구 월드컵로 157,서울 마포구 망원동 474-2번지
마포구,한영,서울 마포구 월드컵북로 162,서울 마포구 성산동 200-19
마포구,대구상회,서울 마포구 토정로31길 51,서울 마포구 용강동 6-1번지
마포구,명신사,서울 마포구 월드컵로 97,서울 마포구 망원동 57-34번지
마포구,세븐일레븐마포구청점,서울 마포구 월드컵로 204,서울 마포구 성산동 591-1
마포구,서교동가판점,서울 마포구 양화로 115,서울 마포구 서교동 374-18번지
마포구,가로매점,서울 마포구 마포대로 63 하나은행,서울 마포구 도화동 174-5
마포구,로또복권판매소,서울 마포구 마포대로 44,서울 마포구 도화동 37번지
마포구,아현역3번출구앞가판점,서울 마포구 마포대로 249 아현산업정보학교,서울 마포구 아현동 267-1
마포구,해와달,서울 마포구 독막로 184-1,서울 마포구 신수동 339-3번지
마포구,장원사,서울 마포구 토정로 224,서울 마포구 신수동 448-23번지
마포구,인더라인25,서울 마포구 성미산로 199,서울 마포구 연남동 226-15
마포구,그랜드마트앞가판점,서울 마포구 신촌로 94,서울 마포구 노고산동 57-2번지
마포구,가판,서울 마포구 마포대로 58,서울 마포구 도화동 169-1번지
마포구,신촌역로또,서울 마포구 신촌로 지하 90,서울 마포구 노고산동 31-11번지
마포구,세명복권,서울 마포구 월드컵북로7길 26,서울 마포구 서교동 453-3번지
마포구,로또지물포,서울 마포구 방울내로 78,서울 마포구 망원동 476-18번지
마포구,용꿈돼지꿈,서울 마포구 마포대로 112-5,서울 마포구 공덕동 255-23번지
마포구,대박나라,서울 마포구 망원로 86 부광,서울 마포구 망원동 486-1
마포구,신수복권방,서울 마포구 동교로27길 53 지남빌딩,서울 마포구 연남동 565-15
마포구,가판점,서울 마포구 대흥로 194,서울 마포구 대흥동 2-10
마포구,공덕알파,서울 마포구 독막로 146,서울 마포구 창전동 329
마포구,나눔 중앙마트,서울 마포구 백범로 108,서울 마포구 대흥동 202-13
마포구,진성미니슈퍼,서울 마포구 월드컵로 205,서울 마포구 성산동 595번지
마포구,GS25(마포역점),서울 마포구 토정로 320 백남빌딩,서울 마포구 용강동 51-8
마포구,GS25(마포도화점),서울 마포구 도화2길 2,서울 마포구 도화동 344번지
마포구,GS25(마포공덕점),서울 마포구 마포대로8길 9,서울 마포구 공덕동 249-12번지
마포구,GS25(망원희망점),서울 마포구 희우정로16길 7,서울 마포구 망원동 406-16
마포구,GS25(공덕대우점),서울 마포구 백범로 199,서울 마포구 신공덕동 167
서대문구,또기쁨복권판매점,서울 서대문구 모래내로15길 40,서울 서대문구 남가좌동 119-27
서대문구,로또,서울 서대문구 거북골로 150,서울 서대문구 북가좌동 107-5
서대문구,로또백화점 홍은점,서울 서대문구 세검정로 99-1,서울 서대문구 홍제동 279-93
서대문구,보람복권,서울 서대문구 통일로39길 22-58,서울 서대문구 홍제동 330-117
서대문구,복권방,서울 서대문구 세검정로1길 96,서울 서대문구 홍은동 48-78
서대문구,힐스테이트신촌,서울 서대문구 북아현로 54-1,서울 서대문구 북아현동 3-130
서대문구,행운을 주는터,서울 서대문구 홍은중앙로3길 9 북한산두산위브,서울 서대문구 홍은동 19-19
서대문구,에바다양품,서울 서대문구 포방터길 47,서울 서대문구 홍은동 9-133
서대문구,한삼인 홍제역점,서울 서대문구 통일로 457,서울 서대문구 홍제동 330-60번지
서대문구,복권마트,서울 서대문구 세검정로 31,서울 서대문구 홍제동 265-5번지
서대문구,행운복권방,서울 서대문구 신촌로 235-1,서울 서대문구 북아현동 220-43
서대문구,노다지복권방,서울 서대문구 통일로 111,서울 서대문구 미근동 167번지
서대문구,정원쇼핑,서울 서대문구 홍은중앙로 99,서울 서대문구 홍은동 9-333번지
서대문구,충남슈퍼,서울 서대문구 증가로 201-1,서울 서대문구 북가좌동 289-6번지
서대문구,홍제삼거리마트,서울 서대문구 통일로 407,서울 서대문구 홍제동 147-2번지
서대문구,민영슈퍼,서울 서대문구 응암로 104,서울 서대문구 북가좌동 292-11번지
서대문구,강원슈퍼,서울 서대문구 모래내로 355,서울 서대문구 홍은동 277-18번지
서대문구,제일슈퍼,서울 서대문구 응암로 79 문화빌딩,서울 서대문구 북가좌동 309-3
서대문구,굿타임,서울 서대문구 연희로 36,서울 서대문구 연희동 353-94번지
서대문구,CU경기대사거리점,서울 서대문구 경기대로 62,서울 서대문구 충정로2가 184-7
서대문구,가판점,서울 서대문구 통일로 201-1,서울 서대문구 영천동 280번지
서대문구,가로판매점,서울 서대문구 신촌로 5,서울 서대문구 창천동 510-5
서대문구,우미6호가판점,서울 서대문구 충정로5길 2,서울 서대문구 충정로3가 190-21
서대문구,가로판매점,서울 서대문구 수색로 32,서울 서대문구 남가좌동 293-85
서대문구,가판점,서울 서대문구 신촌로 155,서울 서대문구 대현동 101-25번지
서대문구,대박종합복권가로판매점,서울 서대문구 신촌로 75,서울 서대문구 창천동 72-7번지
서대문구,가로판매점,서울 서대문구 신촌로 103,서울 서대문구 창천동 18-42번지
서대문구,가로판매점18호,서울 서대문구 신촌역로 16 신촌가이아,서울 서대문구 대현동 27-20
서대문구,팬시겔러리,서울 서대문구 통일로 153-1,서울 서대문구 냉천동 227번지
서대문구,스타복권방(스타문구),서울 서대문구 통일로 173-1,서울 서대문구 냉천동 194번지
서대문구,행운복권방,서울 서대문구 북아현로 34-3,서울 서대문구 북아현동 4-33번지
서대문구,이대역4번출구앞가판점,서울 서대문구 신촌로 187,서울 서대문구 대현동 45-21
서대문구,우리은행 앞 가판점,서울 서대문구 신촌로 275,서울 서대문구 북아현동 135-4번지
서대문구,뉴서울슈퍼,서울 서대문구 서소문로 63,서울 서대문구 미근동 319번지
서대문구,인더라인북가좌점,서울 서대문구 응암로 42,서울 서대문구 북가좌동 418-22번지
서대문구,천하명당로또복권,서울 서대문구 세무서길 12,서울 서대문구 홍제동 174-21
서대문구,제일식품,서울 서대문구 증가로 143,서울 서대문구 남가좌2동 350-6번지
서대문구,GS25(연희점),서울 서대문구 증가로 21-1 하이레벨어린이집,서울 서대문구 연희동 122-7
서대문구,CU(남가좌현대점),서울 서대문구 가재울로 46,서울 서대문구 남가좌동 74-22번지
서대문구,GS25(북가좌점),서울 서대문구 응암로 87,서울 서대문구 북가좌동 309-1번지
서대문구,GS25(남가좌명지점),서울 서대문구 거북골로 51,서울 서대문구 남가좌동 343-50
서대문구,CU(북가좌공원점),서울 서대문구 증가로20가길 82,서울 서대문구 북가좌동 3-16
서초구,지에스25시 양재구룡공원,서울 서초구 동산로16길 33,서울 서초구 양재동 398-13
서초구,규림,서울 서초구 논현로31길 41 세원빌딩,서울 서초구 양재동 5-1
서초구,서초동로또복권방,서울 서초구 서초대로 389 진흥상가,서울 서초구 서초동 1315
서초구,드림마트앤아이스크림나라,서울 서초구 방배중앙로27길 2 서성빌딩,서울 서초구 방배동 761-8
서초구,행운을주는로또커피,서울 서초구 효령로 423 서초 스페이스다온,서울 서초구 서초동 1339-2
서초구,머니데이,서울 서초구 방배로 76 머리재빌딩,서울 서초구 방배동 984-1
서초구,운금이방,서울 서초구 효령로 292 서울남부터미널,서울 서초구 서초동 1446-1
서초구,이마트24 서초네오점,서울 서초구 서초중앙로20길 37,서울 서초구 서초동 1659-21
서초구,신사논현,서울 서초구 강남대로95길 43,서울 서초구 잠원동 30-3
서초구,복권판매점,서울 서초구 강남대로18길 10,서울 서초구 양재동 314-14
서초구,코사마트,서울 서초구 남부순환로339길 60,서울 서초구 서초동 1440-1
서초구,정곡식품,서울 서초구 법원로 15 정곡빌딩,서울 서초구 서초동 1705
서초구,노다지복권방,서울 서초구 남부순환로356길 26,서울 서초구 양재동 11-87
서초구,복권만화,서울 서초구 사임당로 33,서울 서초구 서초3동 1579-9번지
서초구,복권천국,서울 서초구 서초대로 97,서울 서초구 방배4동 874-7번지
서초구,로얄마트,서울 서초구 서초대로78길 56,서울 서초구 서초2동 1330-11번지
서초구,서울상회,서울 서초구 강남대로43길 26,서울 서초구 서초2동 1357-55번지
서초구,행복자,서울 서초구 강남대로30길 63 초석빌딩,서울 서초구 양재동 7-43
서초구,버스충전소,서울 서초구 동작대로 126,서울 서초구 방배동 1763번지
서초구,가판점,서울 서초구 효령로 283,서울 서초구 서초동 1602-2
서초구,버스충전소,서울 서초구 신반포로 177 반포쇼핑타운,서울 서초구 잠원동 75-19
서초구,가로판매점,서울 서초구 신반포로 189,서울 서초구 잠원동 69-3번지
서초구,오케이상사,서울 서초구 신반포로 176,서울 서초구 반포동 19-3번지
서초구,버스카드충전소,서울 서초구 신반포로 205 반포쇼핑타운,서울 서초구 잠원동 69-12
서초구,경영상회,서울 서초구 강남대로 341,서울 서초구 서초동 1329-8번지
서초구,드림로또,서울 서초구 신반포로 194 강남고속버스터미널,서울 서초구 반포동 19-4
서초구,로또와 토토,서울 서초구 방배로13길 18 방배아크로타워,서울 서초구 방배동 923-6
서초구,복권판매소,서울 서초구 서초중앙로 113 영한빌딩,서울 서초구 서초동 1575-3
서초구,행운복권마트,서울 서초구 서초대로 96,서울 서초구 방배동 937-22
서초구,승지GALLANT,서울 서초구 신반포로 194 강남고속버스터미널,서울 서초구 반포동 19-4
서초구,경부선 하차장로또방,서울 서초구 신반포로 194 강남고속버스터미널,서울 서초구 반포동 19-4
서초구,교통카드충전,서울 서초구 서초대로77길 3,서울 서초구 서초동 1317-20번지
서초구,교통카드,서울 서초구 강남대로 517 형제빌딩,서울 서초구 반포동 723-13
서초구,이마트24 편의점,서울 서초구 신반포로 194 강남고속버스터미널,서울 서초구 반포동 19-4
서초구,연초2호 쇼케이스7호,서울 서초구 신반포로 194 강남고속버스터미널,서울 서초구 반포동 19-4
서초구,에이원텔레콤,서울 서초구 동광로 70,서울 서초구 방배동 813-7번지
서초구,레몬비 방배역점,서울 서초구 방배로 73 양지빌딩,서울 서초구 방배동 981-15
서초구,학창&배팅샵,서울 서초구 서초대로26길 3,서울 서초구 방배동 897-1번지
서초구,우주문화사,서울 서초구 사평대로2길 10,서울 서초구 방배동 750-11번지
서초구,알파문구반포점,서울 서초구 서래로 37,서울 서초구 반포동 95-5
서초구,뮤직마트,서울 서초구 강남대로 212,서울 서초구 양재동 13-8번지
서초구,가로판매점,서울 서초구 동작대로 118 방배동예다인프라자빌딩,서울 서초구 방배동 1549
서초구,청수마트,서울 서초구 강남대로10길 36,서울 서초구 양재동 329
서초구,로또복권판매장,서울 서초구 방배중앙로 166-1,서울 서초구 방배동 777-1
서초구,로또 마트,서울 서초구 서초대로56길 28 에스티에스 빌딩,서울 서초구 서초동 1669-14
서초구,스포츠베팅샵,서울 서초구 동산로 48 서희빌딩,서울 서초구 양재동 373
서초구,나인투화이브양재점,서울 서초구 동산로 18,서울 서초구 양재동 333
서초구,buy the way (반포공원점),서울 서초구 사평대로55길 123,서울 서초구 반포동 709-8번지
서초구,GS25(반포2점),서울 서초구 주흥길 12,서울 서초구 반포동 741
서초구,GS25(서초금호점),서울 서초구 서초대로 331 성보빌딩,서울 서초구 서초동 1689-1
서초구,GS25(양재삼익점),서울 서초구 바우뫼로 184 향천빌딩,서울 서초구 양재동 82
서초구,GS25(반포중앙점),서울 서초구 사평대로55길 37,서울 서초구 반포1동 739-35번지
서초구,CU(오벨리스크점),서울 서초구 서초대로74길 27 강남역 한화오벨리스크,서울 서초구 서초동 1327-27
성동구,제일복권판매점,서울 성동구 왕십리로21길 12,서울 성동구 행당동 290-24
성동구,뚝도,서울 성동구 성수이로 35,서울 성동구 성수동2가 335-162
성동구,복다방,서울 성동구 동일로 135-1 전진빌딩,서울 성동구 성수동2가 279-42
성동구,대지사,서울 성동구 왕십리로 362,서울 성동구 도선동 363-1
성동구,복권방(천하명당),서울 성동구 행당로 75,서울 성동구 행당동 347번지
성동구,노다지복권방,서울 성동구 연무장7길 5,서울 성동구 성수2가3동 316-61번지
성동구,행운복권방,서울 성동구 동일로 71,서울 성동구 성수동2가 250-64번지
성동구,복권클럽,서울 성동구 독서당로 318,서울 성동구 금호동4가 147
성동구,우리슈퍼,서울 성동구 행당로17길 9,서울 성동구 행당1동 309-9번지
성동구,행당상회,서울 성동구 고산자로 290-3,서울 성동구 행당1동 191-3번지
성동구,대일슈퍼,서울 성동구 고산자로 333,서울 성동구 마장동 478-7번지
성동구,훼미리24,서울 성동구 아차산로11길 26,서울 성동구 성수동2가 278-49번지
성동구,우리식품,서울 성동구 아차산로 50-1,서울 성동구 성수동1가 14-62번지
성동구,로또방,서울 성동구 왕십리로 363-1,서울 성동구 하왕십리동 946-43번지
성동구,운수대통가판점,서울 성동구 왕십리로 327,서울 성동구 하왕십리동 966-14
성동구,KB행당동지점옆가판,서울 성동구 고산자로 198,서울 성동구 행당1동 320-22번지
성동구,가로판매1-4-28,서울 성동구 고산자로 340,서울 성동구 마장동 521-10번지
성동구,신문가판대뚝섬역에스콰이야본사앞,서울 성동구 왕십리로 114,서울 성동구 성수동1가 656-297번지
성동구,토큰판매소,서울 성동구 천호대로 250,서울 성동구 용답동 128-3번지
성동구,만복당,서울 성동구 행당로 1,서울 성동구 금호동1가 125-1
성동구,토마토,서울 성동구 마조로7길 15-1,서울 성동구 행당동 3-3번지
성동구,우리은행금호동지점앞가판,서울 성동구 장터길 46,서울 성동구 금호동4가 1109번지
성동구,비디오카페(성수점),서울 성동구 성덕정길 84,서울 성동구 성수2가1동 506번지
성동구,한양복권,서울 성동구 용답중앙길 78-1,서울 성동구 용답동 44-4번지
성동구,금호복권방,서울 성동구 금호산길 60-1,서울 성동구 금호동2가 479번지
성동구,노다지복권방,서울 성동구 아차산로7길 3,서울 성동구 성수동2가 300-75번지
성동구,로또복권판매소,서울 성동구 왕십리로26길 10,서울 성동구 도선동 185-5번지
성동구,옥수역복권방,서울 성동구 한림말길 49,서울 성동구 옥수동 385-4번지
성동구,로또복권,서울 성동구 무학봉15길 17,서울 성동구 하왕십리동 989번지
성동구,대박로또,서울 성동구 용답19길 11,서울 성동구 용답동 49-17
성동구,복권나라,서울 성동구 용답중앙15길 12-1,서울 성동구 용답동 14-1번지
성동구,상신복권방,서울 성동구 마장로 230-1,서울 성동구 홍익동 123번지
성동구,복조리복권방,서울 성동구 광나루로11길 17,서울 성동구 송정동 66-31번지
성동구,복돼지복권방,서울 성동구 아차산로7길 42,서울 성동구 성수동2가 289-205번지
성동구,미래통신,서울 성동구 동일로 83,서울 성동구 성수동2가 275-6번지
성동구,복권천국,서울 성동구 성수이로 121,서울 성동구 성수동2가 289-306번지
성동구,부자랑,서울 성동구 둘레15길 23,서울 성동구 성수동2가 561-2번지
성동구,복권천국,서울 성동구 무학봉16길 22-2,서울 성동구 행당동 298-25번지
성동구,GS25(금호점),서울 성동구 매봉길 50 이편한세상옥수파크힐스,서울 성동구 옥수동 528
성동구,CU(금호삼성점),서울 성동구 금호로 60-1,서울 성동구 금호동1가 1801-1번지
성동구,CU(성수한진점),서울 성동구 뚝섬로 310,서울 성동구 성수동1가 704번지
성동구,CU( 한양대엔터식스점),서울 성동구 왕십리로 241 서울숲더샵,서울 성동구 행당동 155-1
성북구,도도복권,서울 성북구 종암로19길 37,서울 성북구 종암동 53-20
성북구,스타로또,서울 성북구 삼양로 56,서울 성북구 길음동 1149
성북구,행운로또복권방,서울 성북구 보국문로 34-1,서울 성북구 정릉동 409-38
성북구,대박복권,서울 성북구 장월로 103,서울 성북구 장위동 238-142
성북구,나눔로또수입과자,서울 성북구 삼선교로 87,서울 성북구 삼선동4가 333-2번지
성북구,재원마트,서울 성북구 종암로21길 81 성은빌딩,서울 성북구 종암동 3-556
성북구,이마트24길음현대,서울 성북구 동소문로 305,서울 성북구 길음동 938-6
성북구,노다지복권방,서울 성북구 화랑로13길 20,서울 성북구 하월곡동 21-103번지
성북구,행운복권방,서울 성북구 삼선교로 20-1,서울 성북구 삼선동1가 82
성북구,대박복권방,서울 성북구 돌곶이로 60,서울 성북구 석관동 250-10번지
성북구,여명슈퍼마켓,서울 성북구 장위로15길 4,서울 성북구 장위동 230-188번지
성북구,행운마트,서울 성북구 종암로 174,서울 성북구 하월곡동 90-121번지
성북구,아이지에이,서울 성북구 보국문로 167,서울 성북구 정릉동 780번지
성북구,데이앤나잇,서울 성북구 종암로 132 종암우림카이저팰리스,서울 성북구 종암동 132
성북구,일공일사(1014),서울 성북구 성북로 31,서울 성북구 성북동1가 116
성북구,한양슈퍼복권,서울 성북구 지봉로24길 65,서울 성북구 보문동5가 148번지
성북구,보원상회,서울 성북구 보문로 56,서울 성북구 보문동7가 22-14번지
성북구,신문다이길음시장앞,서울 성북구 길음로7길 34,서울 성북구 길음동 540-7
성북구,미래통신,서울 성북구 장월로 118-1,서울 성북구 장위동 237-214
성북구,영광정보통신,서울 성북구 화랑로 92,서울 성북구 하월곡동 37-74
성북구,황금알대박동행로또방,서울 성북구 화랑로 167,서울 성북구 상월곡동 26-5
성북구,소문난복권명당,서울 성북구 돌곶이로 29,서울 성북구 석관동 332-667번지
성북구,천하명당복권방,서울 성북구 정릉로 268,서울 성북구 정릉동 151-15번지
성북구,대명씨앤씨,서울 성북구 지봉로 171,서울 성북구 보문동2가 75-17
성북구,복권방,서울 성북구 동소문로20길 28-4,서울 성북구 동소문동5가 107번지
성북구,행운식품,서울 성북구 동소문로6길 4,서울 성북구 동소문동2가 22번지
성북구,우리마트,서울 성북구 동소문로23길 20,서울 성북구 동선동4가 178
성북구,대원슈퍼,서울 성북구 오패산로 22,서울 성북구 하월곡동 62-4번지
성북구,대박복권방,서울 성북구 동소문로 86-21,서울 성북구 동소문동5가 56-3
성북구,대박복권방,서울 성북구 한천로78길 23,서울 성북구 석관동 127-55번지
성북구,대만상사,서울 성북구 보국문로11길 30,서울 성북구 정릉동 394-3
성북구,로또복권방,서울 성북구 동소문로2길 83,서울 성북구 동소문동3가 34번지
성북구,천하명당복권방동소문점,서울 성북구 아리랑로5길 12-2,서울 성북구 동소문동7가 115-3
성북구,복권전문점,서울 성북구 돌곶이로27길 48,서울 성북구 장위동 66-289번지
성북구,Proto샵종암점,서울 성북구 종암로19길 7,서울 성북구 종암동 68-1
성북구,행복슈퍼,서울 성북구 동소문로 49,서울 성북구 동소문동4가 115번지
성북구,태광통신,서울 성북구 동소문로 248 삼부아파트,서울 성북구 길음동 1276
성북구,씨스페이스(정릉3점),서울 성북구 솔샘로6길 66 청수한의원,서울 성북구 정릉동 372-7
성북구,CU(정릉센터점),서울 성북구 정릉로38마길 29 우성쇼핑상가,서울 성북구 정릉동 1020
성북구,CU(길음타운점),서울 성북구 길음로 33 길음뉴타운,서울 성북구 길음동 1284
성북구,CU(월곡동아점),서울 성북구 장월로1길 47,서울 성북구 상월곡동 55-76
성북구,삼천리 하이퍼마켓,서울 중랑구 겸재로36길 25,서울 중랑구 면목동 506-42
성북구,마션,서울 중랑구 봉화산로56길 69,서울 중랑구 신내동 449-5
성북구,아멘로또,서울 중랑구 용마산로115길 127,서울 중랑구 망우동 479
성북구,황금돼지복권방,서울 중랑구 동일로 894,서울 중랑구 묵동 180-16
성북구,크린에이드,서울 중랑구 봉우재로 155,서울 중랑구 상봉동 87-27
성북구,행운명당,서울 중랑구 면목로 218 도일약국,서울 중랑구 면목동 392-18
성북구,로또복권,서울 중랑구 상봉로 7 서일타운,서울 중랑구 면목동 68-2
성북구,행운복권방,서울 중랑구 봉우재로 41,서울 중랑구 면목동 183-24
성북구,로또방,서울 중랑구 겸재로 157,서울 중랑구 면목동 119-19
성북구,아이센스복권방,서울 중랑구 중랑역로 17,서울 중랑구 중화2동 320-140번지
성북구,수연식품(대박찬스),서울 중랑구 면목로48길 11,서울 중랑구 면목동 458-120번지
성북구,복권,서울 중랑구 망우로30길 8,서울 중랑구 상봉동 136-50번지
성북구,복권나라,서울 중랑구 봉화산로 30,서울 중랑구 중화동 312-1번지
성북구,은혜,서울 중랑구 면목로91길 46,서울 중랑구 상봉동 112-51번지
성북구,복권명당,서울 중랑구 면목로 362,서울 중랑구 면목동 413-3번지
성북구,그린수퍼,서울 중랑구 동일로130길 42,서울 중랑구 중화동 291-40
성북구,신안할인마트,서울 중랑구 공릉로2나길 44,서울 중랑구 묵동 382번지
성북구,묵동식품,서울 중랑구 동일로 919,서울 중랑구 묵동 238-11번지
성북구,서울복권방,서울 중랑구 동일로 809-1,서울 중랑구 중화동 305-17번지
성북구,대박드림복권,서울 중랑구 망우로 203,서울 중랑구 중화동 208-33번지
성북구,부안식품,서울 중랑구 봉우재로26길 4,서울 중랑구 면목동 133-23번지
성북구,우정상회,서울 중랑구 상봉로 110,서울 중랑구 망우동 506-8
성북구,현대슈퍼,서울 중랑구 봉우재로 203-1,서울 중랑구 망우본동 514-80번지
성북구,노다지로또,서울 중랑구 겸재로 217,서울 중랑구 면목본동 74-35번지
성북구,트윙클용마점,서울 중랑구 용마산로 494,서울 중랑구 망우동 410-1번지
성북구,열린문구,서울 중랑구 용마산로 557,서울 중랑구 신내동 492-24
성북구,리더스,서울 중랑구 봉화산로 194 신아타운,서울 중랑구 신내동 666
성북구,태원정보통신,서울 중랑구 봉우재로33길 80,서울 중랑구 상봉2동 88-75번지
성북구,행운나라,서울 중랑구 봉우재로 176-1,서울 중랑구 면목동 89-2번지
성북구,갈렙분식한식,서울 중랑구 용마산로115길 92,서울 중랑구 망우동 490-13번지
성북구,우진음악사,서울 중랑구 상봉로 51,서울 중랑구 면목본동 87-8번지
성북구,왕자사진관,서울 중랑구 양원역로 2,서울 중랑구 망우동 128-4번지
성북구,예스로또,서울 중랑구 면목로31길 43,서울 중랑구 면목4동 349-29번지
성북구,장보고복권방,서울 중랑구 면목로 288,서울 중랑구 면목동 627-16번지
성북구,테크노,서울 중랑구 겸재로 98 SK텔레콤,서울 중랑구 면목동 175-3
성북구,대박찬스,서울 중랑구 면목로74길 40,서울 중랑구 면목동 103-7번지
성북구,오성마트,서울 중랑구 용마산로116길 60,서울 중랑구 망우동 184-31번지
성북구,축복마트,서울 중랑구 동일로 616,서울 중랑구 면목동 151-7
성북구,용꿈복권,서울 중랑구 봉우재로71길 21,서울 중랑구 망우동 461-6번지
성북구,로또코리아,서울 중랑구 봉우재로28길 33,서울 중랑구 면목동 131-6번지
성북구,가로판매점,서울 중랑구 망우로 212,서울 중랑구 상봉동 130
성북구,일등복권방,서울 중랑구 신내로 211,서울 중랑구 신내동 646번지
성북구,행운로또 멀티샵,서울 중랑구 봉화산로 93 한자중국어학원,서울 중랑구 중화동 122-14
성북구,윈윈스토어(win win store),서울 중랑구 겸재로 122,서울 중랑구 면목동 150-4번지
성북구,골드복권방(웨이스탑면목점),서울 중랑구 면목로 423,서울 중랑구 면목동 126-4
성북구,부자랑복권방,서울 중랑구 사가정로 359,서울 중랑구 면목동 607-6번지
성북구,갤러리마트,서울 중랑구 사가정로 387,서울 중랑구 면목동 604-5번지
성북구,GS25(면목한신점),서울 중랑구 겸재로3길 54 제일은행,서울 중랑구 면목동 178-30
성북구,GS25(용마산역점),서울 중랑구 면목로27길 4,서울 중랑구 면목동 372-21
성북구,GS25(상봉동부점),서울 중랑구 망우로32길 13,서울 중랑구 상봉동 129-65번지
성북구,CU(망우점),서울 중랑구 망우로 410,서울 중랑구 망우동 470-10번지
성북구,CU(중랑우림점),서울 중랑구 봉우재로 240,서울 중랑구 망우동 458-3번지
송파구,일등로또,서울 송파구 위례광장로 270,서울 송파구 장지동 895
송파구,한양,서울 송파구 중대로16길 11,서울 송파구 가락동 142-3
송파구,다모아 복권방,서울 송파구 새말로8길 14 건영아파트,서울 송파구 문정동 72-3
송파구,희망복권,서울 송파구 백제고분로28길 24,서울 송파구 삼전동 57-13
송파구,방이로또,서울 송파구 가락로 245,서울 송파구 방이동 136-5
송파구,세븐11명당,서울 송파구 삼학사로 32 YH빌딩,서울 송파구 석촌동 217-1
송파구,대박로또,서울 송파구 마천로57길 5 마천빌딩,서울 송파구 마천동 307-14
송파구,복권 아이스크림,서울 송파구 위례광장로 188,서울 송파구 장지동 881
송파구,복권방,서울 송파구 법원로4길 6 문정아이파크,서울 송파구 문정동 652-5
송파구,사랑복권,서울 송파구 정의로8길 13 수성위너스,서울 송파구 문정동 640-7
송파구,연대나눔로또,서울 송파구 가락로 137,서울 송파구 송파동 95-39
송파구,가든 파이브점,서울 송파구 충민로 66 가든파이브라이프,서울 송파구 문정동 634
송파구,넘버스 커피,서울 송파구 삼학사로13길 15 달성빌딩,서울 송파구 삼전동 119-26
송파구,와이비상사,서울 송파구 풍성로14길 9,서울 송파구 풍납동 222-12번지
송파구,로또 송파마천,서울 송파구 성내천로 299,서울 송파구 마천동 286-2
송파구,인앤아웃,서울 송파구 마천로41길 15,서울 송파구 마천동 129-1
송파구,CU 송파고분로점,서울 송파구 백제고분로46길 43 오성빌딩,서울 송파구 송파동 143-6
송파구,보물섬복권판매점,서울 송파구 법원로8길 7 화엄타워,서울 송파구 문정동 651-4
송파구,한경종합광고,서울 송파구 백제고분로 198 정민빌딩,서울 송파구 삼전동 28-8
송파구,복권나라,서울 송파구 백제고분로32길 23,서울 송파구 삼전동 175번지
송파구,산성슈퍼,서울 송파구 성내천로63길 6,서울 송파구 거여동 577
송파구,천하명당,서울 송파구 백제고분로40길 31,서울 송파구 석촌동 294-5번지
송파구,럭키복권샵,서울 송파구 성내천로 218,서울 송파구 마천동 77-9번지
송파구,부자나라석촌점,서울 송파구 백제고분로17길 37,서울 송파구 잠실동 211-39
송파구,명지복권방,서울 송파구 거마로 55,서울 송파구 거여1동 133-82번지
송파구,천하명당복권방,서울 송파구 백제고분로41길 7,서울 송파구 송파1동 18-18번지
송파구,잠실연쇄점,서울 송파구 삼전로 99 대성빌딩,서울 송파구 잠실동 242-17
송파구,성우미니마트,서울 송파구 가락로 167,서울 송파구 송파동 122-9
송파구,럭키슈퍼,서울 송파구 송파대로42길 20,서울 송파구 송파1동 87-20번지
송파구,제일유통,서울 송파구 중대로9길 27,서울 송파구 가락동 97번지
송파구,명진슈퍼,서울 송파구 새말로 142,서울 송파구 문정동 97-4번지
송파구,해피데이마트,서울 송파구 동남로6길 14,서울 송파구 문정동 30-17번지
송파구,행운마트,서울 송파구 마천로15길 9,서울 송파구 오금동 85-8번지
송파구,우일,서울 송파구 마천로 235,서울 송파구 마천2동 25-2번지
송파구,혜성슈퍼,서울 송파구 송이로27길 9,서울 송파구 가락2동 132-7번지
송파구,복권파티,서울 송파구 오금로 516,서울 송파구 거여동 31-10번지
송파구,한일슈퍼,서울 송파구 성내천로 325,서울 송파구 마천동 329-30번지
송파구,동원식품,서울 송파구 오금로40길 40,서울 송파구 가락동 154-18번지
송파구,그린마트,서울 송파구 오금로15길 5,서울 송파구 방이동 67-12번지
송파구,토큰판매소,서울 송파구 바람드리길 62,서울 송파구 풍납1동 480번지
송파구,잠실매점,서울 송파구 올림픽로 269,서울 송파구 신천동 7-18번지
송파구,치즈마트,서울 송파구 양재대로 932 가락동농수산물도매시장,서울 송파구 가락동 600
송파구,잠실나루역2번출구,서울 송파구 올림픽로37길 109,서울 송파구 신천동 17-2번지
송파구,윈마트,서울 송파구 삼학사로16길 4,서울 송파구 석촌동 12번지
송파구,그린마트,서울 송파구 백제고분로19길 26,서울 송파구 잠실동 245번지
송파구,가판대20호,서울 송파구 송파대로 365,서울 송파구 석촌동 296-17번지
송파구,크로바쎄븐,서울 송파구 법원로11길 7 문정현대지식산업센터1-2,서울 송파구 문정동 644-2
송파구,어머화장품,서울 송파구 가락로11길 19,서울 송파구 석촌동 261-17번지
송파구,가로판매점,서울 송파구 올림픽로 132,서울 송파구 잠실동 184-8번지
송파구,설반,서울 송파구 오금로36길 70,서울 송파구 가락동 47-14
송파구,윈윈,서울 송파구 오금로13길 22,서울 송파구 방이동 70-2
송파구,윤진복권방,서울 송파구 중대로9길 53 영남빌딩,서울 송파구 가락동 70
송파구,성지로또,서울 송파구 가락로 50,서울 송파구 석촌동 240-5
송파구,복돼지방,서울 송파구 삼학사로12길 6 호정빌딩,서울 송파구 석촌동 212
송파구,CU로또 잠실점,서울 송파구 석촌호수로 268,서울 송파구 송파동 32-1
송파구,대명로또,서울 송파구 거마로20길 11-1,서울 송파구 마천동 123-12번지
송파구,클로버 복권판매점,서울 송파구 백제고분로50길 19,서울 송파구 방이동 175-7번지
송파구,태성철물,서울 송파구 올림픽로32길 39,서울 송파구 방이동 98-16
송파구,훼미리마트방이오피스점,서울 송파구 마천로 70-16,서울 송파구 오금동 42-5
송파구,나눔로또 석촌점,서울 송파구 백제고분로27길 34,서울 송파구 삼전동 109-5
송파구,일신매점,서울 송파구 송파대로 366,서울 송파구 송파동 97-39
송파구,교통카드판매대,서울 송파구 송파대로28길 27 송파성원쌍떼빌,서울 송파구 가락동 80
송파구,용꿈돼지꿈,서울 송파구 성내천로6길 3,서울 송파구 오금동 68번지
송파구,미래상사,서울 송파구 오금로 534,서울 송파구 거여동 32-2번지
송파구,유성복권,서울 송파구 오금로36길 21,서울 송파구 가락동 18-15번지
송파구,노다지복권방,서울 송파구 송이로 112,서울 송파구 가락동 73-4번지
송파구,폰스토아,서울 송파구 백제고분로48길 12,서울 송파구 방이동 112-8번지
송파구,부흥청과,서울 송파구 동남로 318,서울 송파구 오금동 120-7번지
송파구,통일복권방,서울 송파구 백제고분로7길 6,서울 송파구 잠실동 195
송파구,원스탑,서울 송파구 백제고분로7길 39 고려빌딩,서울 송파구 잠실동 183-1
송파구,씨스페이스(잠실점),서울 송파구 백제고분로12길 10,서울 송파구 잠실동 297-3번지
송파구,GS25(뉴잠실점),서울 송파구 오금로11길 30,서울 송파구 방이동 59-3
송파구,GS25(신천으뜸점),서울 송파구 백제고분로7길 48,서울 송파구 잠실동 186-7
송파구,GS25(방이도곡점),서울 송파구 올림픽로32길 59,서울 송파구 방이동 107-3번지
송파구,GS25(방이중앙점),서울 송파구 오금로11길 6,서울 송파구 방이동 64번지
송파구,GS25(문정중앙점),서울 송파구 문정로4길 10-30 대림빌딩,서울 송파구 문정동 61-7
송파구,GS25(방이진실점),서울 송파구 올림픽로32길 14,서울 송파구 방이동 34-9
송파구,GS25(가락센타점),서울 송파구 오금로44가길 9,서울 송파구 가락동 170번지
송파구,GS25(방이삼형점),서울 송파구 백제고분로50길 4,서울 송파구 방이동 149-13번지
양천구,로또픽,서울 양천구 지양로 62,서울 양천구 신월동 971-5
양천구,나눔로또,서울 양천구 곰달래로 27,서울 양천구 신월동 122-14
양천구,더디씨 신월점,서울 양천구 남부순환로 516,서울 양천구 신월동 966-11
양천구,천하명당복권방(신정점),서울 양천구 오목로 152,서울 양천구 신정동 947-3
양천구,가을,서울 양천구 목동중앙남로 24,서울 양천구 목동 767-11
양천구,로또판매점,서울 양천구 신정이펜1로 50 신정이펜하우스3단지,서울 양천구 신정동 1316
양천구,세븐일레븐,서울 양천구 중앙로36길 15 목동힐스테이트,서울 양천구 신정동 1323
양천구,또또행복,서울 양천구 오목로 14,서울 양천구 신월동 520-1번지
양천구,금사랑,서울 양천구 월정로 38,서울 양천구 신월동 445-5번지
양천구,노다지복권방,서울 양천구 월정로 137,서울 양천구 신월1동 116-14번지
양천구,복권세상,서울 양천구 곰달래로5길 26,서울 양천구 신월동 110-18번지
양천구,복권판매소,서울 양천구 중앙로 251,서울 양천구 신정동 1182-2
양천구,신정복권,서울 양천구 신목로 70-1 신통빌딩,서울 양천구 신정동 89-29
양천구,뉴신명,서울 양천구 등촌로 42-1,서울 양천구 목동 788-16번지
양천구,호야식품,서울 양천구 중앙로 234,서울 양천구 신정동 1052-1번지
양천구,대일복권방,서울 양천구 목동남로4길 17,서울 양천구 신정동 203-6번지
양천구,농심가슈퍼마트,서울 양천구 목동중앙본로 54,서울 양천구 목동 234-4
양천구,삼육구마트,서울 양천구 목동중앙본로1길 48,서울 양천구 목4동 744-17번지
양천구,해태24시,서울 양천구 곰달래로 11,서울 양천구 신월동 126-35
양천구,로또행운마트,서울 양천구 남부순환로 327,서울 양천구 신월5동 52-11번지
양천구,홈플러스앞가로판매점,서울 양천구 등촌로 172 등촌빌딩,서울 양천구 목동 657-21
양천구,복권세상,서울 양천구 신월로 187,서울 양천구 신월동 535-4번지
양천구,까치복권방,서울 양천구 화곡로 103,서울 양천구 신월동 23-17
양천구,바로정보,서울 양천구 공항대로 562,서울 양천구 목3동 603-8번지
양천구,세종장식,서울 양천구 오목로 204,서울 양천구 신정4동 987-7번지
양천구,엠복권,서울 양천구 오목로 71,서울 양천구 신월동 491-8
양천구,주아킹 목동점,서울 양천구 목동로 213,서울 양천구 신정동 900-21
양천구,행복복권방,서울 양천구 신목로6길 41,서울 양천구 신정동 118-7
양천구,일등복권방,서울 양천구 오목로 232,서울 양천구 신정동 992-1번지
양천구,드림공인중개사사무소,서울 양천구 목동중앙북로16길 3,서울 양천구 목동 526번지
양천구,대박복권방,서울 양천구 오목로 233,서울 양천구 신정동 902-10번지
양천구,정평복권,서울 양천구 목동중앙본로7길 30,서울 양천구 목동 717-16
양천구,오목미니슈퍼,서울 양천구 신목로 119,서울 양천구 목동 406-316번지
양천구,농가마트,서울 양천구 중앙로 264,서울 양천구 신정동 1031-8번지
양천구,GS25(목동고목점),서울 양천구 목동중앙본로 26 해피하우스,서울 양천구 목동 751-2
양천구,GS25(신정중앙점),서울 양천구 은행정로 14,서울 양천구 신정동 1020-1
양천구,GS25(목동희망점),서울 양천구 오목로 322 보성빌딩,서울 양천구 목동 405-282
영등포구,티에스네트웍스,서울 영등포구 신길로28길 9,서울 영등포구 신길동 240-16
영등포구,풍년로또,서울 영등포구 국회대로 639-1,서울 영등포구 영등포동8가 29-11
영등포구,동행그레이스,서울 영등포구 양산로23길 1,서울 영등포구 당산동3가 326-2
영등포구,황금장어,서울 영등포구 대림로 228,서울 영등포구 대림동 664-17
영등포구,행운복권,서울 영등포구 도신로65길 2,서울 영등포구 신길동 110-2
영등포구,100세로또,서울 영등포구 양평로 24 수정빌딩,서울 영등포구 당산동6가 217-4
영등포구,1등로또,서울 영등포구 영중로 70,서울 영등포구 영등포동5가 45-5번지
영등포구,한보당,서울 영등포구 가마산로 455,서울 영등포구 신길동 323번지
영등포구,신성사,서울 영등포구 신길로 63,서울 영등포구 신길동 448-3
영등포구,행운의사랑방,서울 영등포구 도림로 465,서울 영등포구 문래동4가 6-1번지
영등포구,왕대박,서울 영등포구 영등포로 412,서울 영등포구 신길동 1321번지
영등포구,복권마을,서울 영등포구 가마산로 421-2,서울 영등포구 신길동 347-220번지
영등포구,빌딩매점,서울 영등포구 신길로 108,서울 영등포구 신길동 3591번지
영등포구,무지개슈퍼,서울 영등포구 영등포로 379-1,서울 영등포구 신길동 97-4
영등포구,영일식품,서울 영등포구 당산로32길 10,서울 영등포구 당산동3가 228-1
영등포구,신세계슈퍼,서울 영등포구 대림로 191,서울 영등포구 대림동 739-1번지
영등포구,유진식품,서울 영등포구 도림로 220,서울 영등포구 신길동 436-26번지
영등포구,대창청과슈퍼,서울 영등포구 신길로 203,서울 영등포구 신길동 221-39
영등포구,G마트,서울 영등포구 디지털로 387,서울 영등포구 대림동 862-6번지
영등포구,우선식품,서울 영등포구 도신로 231-2,서울 영등포구 신길동 163-5번지
영등포구,GS25 영등포구청점,서울 영등포구 당산로 95,서울 영등포구 당산동2가 164번지
영등포구,로또킹,서울 영등포구 영중로 2,서울 영등포구 영등포동3가 10-13
영등포구,가판점(신문),서울 영등포구 양평로 48,서울 영등포구 당산동6가 331-1번지
영등포구,당산로또명당점,서울 영등포구 양평로 52,서울 영등포구 당산동6가 337-19번지
영등포구,교통카드판매대,서울 영등포구 여의나루로 71 동화빌딩,서울 영등포구 여의도동 25-3
영등포구,명당복권,서울 영등포구 영등포로 235,서울 영등포구 영등포동5가 6-8번지
영등포구,몽곡사,서울 영등포구 버드나루로 51,서울 영등포구 영등포동2가 94-23번지
영등포구,신나라,서울 영등포구 선유로 58,서울 영등포구 문래동3가 77-44
영등포구,버스카드충전소,서울 영등포구 여의대방로62길 2,서울 영등포구 신길동 1432번지
영등포구,로또방,서울 영등포구 영중로 12 에쉐르아이 시네마 쇼핑몰,서울 영등포구 영등포동3가 9-13
영등포구,로또복권,서울 영등포구 영중로 22,서울 영등포구 영등포동3가 8
영등포구,로또판매점,서울 영등포구 시흥대로 671,서울 영등포구 대림동 960-4
영등포구,대박로또,서울 영등포구 영등포로53길 17,서울 영등포구 영등포동2가 204
영등포구,꽃이활짝피는복권방,서울 영등포구 당산로 26 문래자이,서울 영등포구 문래동3가 54
영등포구,데스콤㈜영등포영업소,서울 영등포구 영중로 48,서울 영등포구 영등포동5가 25-1
영등포구,대박복권마을,서울 영등포구 당산로 140,서울 영등포구 당산동3가 209번지
영등포구,복드림,서울 영등포구 양평로 117,서울 영등포구 양평동4가 100번지
영등포구,행운예감,서울 영등포구 여의대방로39길 3,서울 영등포구 신길동 696번지
영등포구,드림파크,서울 영등포구 여의대방로 45,서울 영등포구 신길동 4759번지
영등포구,천안문복권방,서울 영등포구 도림로 124,서울 영등포구 대림동 1116-1
영등포구,드림마트,서울 영등포구 신길로54길 1,서울 영등포구 신길동 192-142번지
영등포구,365 으뜸,서울 영등포구 영등포로 93-1,서울 영등포구 당산동2가 30-9
영등포구,고려통신,서울 영등포구 대림로29길 27,서울 영등포구 대림동 804-30번지
영등포구,행운대박복권,서울 영등포구 영신로19길 8-1,서울 영등포구 영등포본동 618-210번지
영등포구,대박찬스,서울 영등포구 도림로 356,서울 영등포구 도림동 144-175번지
영등포구,다모아복권,서울 영등포구 신풍로 92,서울 영등포구 신길동 4035-2번지
영등포구,하나복권(가로판매점),서울 영등포구 여의나루로 42,서울 영등포구 여의도동 35-5
영등포구,가로판매점,서울 영등포구 경인로 862,서울 영등포구 영등포동 489-18
영등포구,가로판매점,서울 영등포구 양평로 46,서울 영등포구 당산동6가 331-6번지
영등포구,은혜,서울 영등포구 도림로 206,서울 영등포구 대림동 751-5번지
영등포구,PLUSONE365,서울 영등포구 선유로 106-1,서울 영등포구 양평동1가 37번지
영등포구,씨스페이스(영등포점),서울 영등포구 시흥대로 607,서울 영등포구 대림동 993-57
영등포구,GS25(성애병원점),서울 영등포구 여의대방로53길 28 보성빌딩,서울 영등포구 신길동 467-3
영등포구,CU(대림중앙점),서울 영등포구 대림로 209,서울 영등포구 대림3동 775-7번지
영등포구,CU(당산한강점),서울 영등포구 영신로57길 1,서울 영등포구 당산동4가 29번지
영등포구,CU(영등포중앙점),서울 영등포구 영등포로 255,서울 영등포구 영등포동2가 177-2번지
영등포구,GS25(동여의점),서울 영등포구 여의대방로65길 23,서울 영등포구 여의도동 45-13번지
영등포구,GS25(여의타워점),서울 영등포구 63로 36,서울 영등포구 여의도동 61-5번지
영등포구,GS25(에클라트점),서울 영등포구 국회대로 780,서울 영등포구 여의도동 14-21번지
영등포구,GS25(문래한신점),서울 영등포구 영등포로12길 7,서울 영등포구 양평동1가 14-1번지
영등포구,CU(문래벤처점),서울 영등포구 선유로 70,서울 영등포구 문래동3가 82-29
영등포구,CU(영등포마사회점),서울 영등포구 영중로8길 14 영등포케이빌딩,서울 영등포구 영등포동3가 18
영등포구,CU(영등포메인점),서울 영등포구 영등포로 199,서울 영등포구 영등포동6가 80-2번지
영등포구,CU(신길도림점),서울 영등포구 도신로 120 신영빌딩,서울 영등포구 신길동 289-6
영등포구,GS25(양평역점),서울 영등포구 선유서로 117,서울 영등포구 양평동3가 23-4
용산구,가로판매점제55호,서울 용산구 청파로 286,서울 용산구 청파동2가 120-35
용산구,갑부복권판매점,서울 용산구 대사관로 80,서울 용산구 한남동 83-2
용산구,대박예림이네,서울 용산구 만리재로 182,서울 용산구 서계동 232-35
용산구,시온복권방,서울 용산구 새창로 213,서울 용산구 한강로2가 2-196
용산구,로또용산한남점,서울 용산구 독서당로 77,서울 용산구 한남동 29-21
용산구,뭉치,서울 용산구 보광로 33,서울 용산구 보광동 225-3
용산구,오케이(ok)로또,서울 용산구 백범로90길 26 용산아크로타워,서울 용산구 문배동 24-21
용산구,캐논종합,서울 용산구 청파로 101,서울 용산구 한강로3가 1-3번지
용산구,럭키슈퍼,서울 용산구 후암로 52,서울 용산구 후암동 27-14
용산구,델타슈퍼,서울 용산구 한강대로38길 11,서울 용산구 한강로2가 157-5번지
용산구,쎄븐타임,서울 용산구 백범로 259,서울 용산구 효창동 5-219번지
용산구,아이비즈마트,서울 용산구 만리재로 148,서울 용산구 서계동 264-3번지
용산구,남영동로또,서울 용산구 한강대로 277-1,서울 용산구 갈월동 90-16번지
용산구,행운가판점,서울 용산구 한강대로 80,서울 용산구 한강로2가 222-5
용산구,가로판매점,서울 용산구 한강대로 109,서울 용산구 한강로2가 174-4번지
용산구,가로판매점,서울 용산구 원효로 179,서울 용산구 원효로2가 72번지
용산구,신문가판점,서울 용산구 한강대로77길 19,서울 용산구 갈월동 99-4
용산구,이촌가판점,서울 용산구 이촌로71길 10,서울 용산구 이촌동 409번지
용산구,가로판매점,서울 용산구 원효로 166,서울 용산구 원효로2가 94-2번지
용산구,도로가판집,서울 용산구 한강대로 55,서울 용산구 한강로3가 40-592번지
용산구,대박나라,서울 용산구 회나무로 22,서울 용산구 이태원동 224-3
용산구,복권마을,서울 용산구 후암로 81,서울 용산구 동자동 4번지
용산구,9스토아,서울 용산구 보광로 117,서울 용산구 이태원동 130-43
용산구,구두로또,서울 용산구 효창원로 112,서울 용산구 용문동 8-92번지
용산구,일점오로또,서울 용산구 한강대로62길 16,서울 용산구 한강로1가 231-25
용산구,만복복권,서울 용산구 새창로14길 42,서울 용산구 용문동 38-31
용산구,배임,서울 용산구 보광로 19,서울 용산구 보광동 217-24
용산구,대박복권방,서울 용산구 효창원로 262,서울 용산구 서계동 260-20번지
용산구,한가람마트(슈퍼마켓),"서울 용산구 우사단로 3 열린보광의원,형치과",서울 용산구 보광동 274-1
용산구,CU(이태원해밀턴점),서울 용산구 보광로 126,서울 용산구 이태원동 127-28번지
용산구,GS25(서울역점),서울 용산구 한강대로 401,서울 용산구 동자동 43-120번지
용산구,GS25(한남중앙점),서울 용산구 한남대로21길 18,서울 용산구 한남동 657-85번지
은평구,아싸 대박 복권,서울 은평구 진흥로13길 13-4,서울 은평구 대조동 33-2
은평구,뷰티코어,서울 은평구 진흥로 91-1,서울 은평구 역촌동 27-3
은평구,예치복권,서울 은평구 은평터널로 193-1,서울 은평구 신사동 41-17
은평구,로또,서울 은평구 응암로22길 7,서울 은평구 응암동 427-105
은평구,로또 골드 뱅크,서울 은평구 진관3로 77 은평뉴타운구파발,서울 은평구 진관동 25
은평구,복드림(올인원아이스),서울 은평구 연서로 73,서울 은평구 역촌동 62-1
은평구,더디씨 구파발로또,서울 은평구 진관3로 21,서울 은평구 진관동 65
은평구,복권판매점,서울 은평구 서오릉로 217-2,서울 은평구 구산동 339-18
은평구,제이로또,서울 은평구 통일로 804,서울 은평구 불광동 287-1
은평구,리치하우스,서울 은평구 불광로 127,서울 은평구 불광동 13-35
은평구,나눔로또,서울 은평구 응암로13길 30,서울 은평구 응암동 591-39
은평구,153마트,서울 은평구 진관2로 15-8,서울 은평구 진관동 73
은평구,애터미와 꿈이 있는 로또점,서울 은평구 통일로 699,서울 은평구 녹번동 117-116
은평구,무지개복권방,서울 은평구 증산로19길 8-3,서울 은평구 신사동 33-5번지
은평구,천하명당복권방,서울 은평구 은평로 51,서울 은평구 신사동 3-11번지
은평구,행운복권방,서울 은평구 연서로 258,서울 은평구 불광동 320-1
은평구,행운복권방,서울 은평구 은평로 101,서울 은평구 응암동 90-14번지
은평구,평화슈퍼,서울 은평구 연서로 198-1,서울 은평구 대조동 219-2번지
은평구,갈현토큰,서울 은평구 통일로 905,서울 은평구 갈현동 392-5
은평구,수색마트 복권방,서울 은평구 수색로 256,서울 은평구 수색동 106-1
은평구,월드24시,서울 은평구 통일로 855-15,서울 은평구 갈현1동 398-1번지
은평구,양광마트,서울 은평구 응암로 173-1,서울 은평구 응암3동 598-11번지
은평구,피터팬,서울 은평구 은평로 193,서울 은평구 녹번동 206번지
은평구,가로대가판점,서울 은평구 통일로 741,서울 은평구 대조동 6-5번지
은평구,종합가판점,서울 은평구 응암로 247,서울 은평구 응암3동 124-17번지
은평구,종합가판점,서울 은평구 통일로 749,서울 은평구 대조동 4-1번지
은평구,가판,서울 은평구 통일로 750,서울 은평구 불광1동 267-1번지
은평구,문구뱅크,서울 은평구 서오릉로 71 영화마스타골프랜드,서울 은평구 역촌동 16-2
은평구,드림스튜디오,서울 은평구 서오릉로 160,서울 은평구 갈현동 468-3번지
은평구,로또복권방,서울 은평구 연서로26길 11-11,서울 은평구 대조동 196-7번지
은평구,로또와공인중개사사무소,서울 은평구 갈현로 304,서울 은평구 갈현동 424-7
은평구,대박천하복권방,서울 은평구 연서로 150,서울 은평구 대조동 224-3번지
은평구,대박복권,서울 은평구 진흥로1길 27,서울 은평구 역촌동 34-52번지
은평구,행운복권방,서울 은평구 연서로21길 8,서울 은평구 갈현동 462-19
은평구,갈현베르빌부동산공인중개사사무소,서울 은평구 연서로 149,서울 은평구 갈현동 465-12번지
은평구,오거리마트,서울 은평구 응암로14길 6,서울 은평구 응암동 323-5번지
은평구,월드마켓,서울 은평구 불광로 28,서울 은평구 대조동 14-20
은평구,행운복권방,서울 은평구 응암로11길 3,서울 은평구 응암동 598-18번지
은평구,씨스페이스 역촌점,서울 은평구 갈현로 88 은평성심의원,서울 은평구 역촌동 51-79
은평구,천하명당로또,서울 은평구 증산로9길 17,서울 은평구 증산동 189-2
은평구,대박.COM복권휴계실,서울 은평구 역말로 137-1,서울 은평구 대조동 89-84
은평구,하이로또복권방,서울 은평구 응암로 252,서울 은평구 응암동 427-140번지
은평구,행운복권방,서울 은평구 서오릉로 10,서울 은평구 녹번동 180번지
은평구,왕대박복권방,서울 은평구 갈현로 7,서울 은평구 신사1동 17-10번지
은평구,복권백화점,서울 은평구 연서로29길 7-2,서울 은평구 갈현동 455-20
은평구,황금어장,서울 은평구 연서로 333,서울 은평구 불광동 90-3
은평구,하이25시편의점,서울 은평구 연서로 9 센타폴리스,서울 은평구 역촌동 85-12
은평구,CU(역촌제일점),서울 은평구 갈현로 59,서울 은평구 역촌동 78-45
은평구,CU(새절역점),서울 은평구 증산로 401,서울 은평구 신사동 336-1번지
종로구,인생로또식물가게,서울 종로구 삼일대로30길 21,서울 종로구 낙원동 58-1
종로구,충신 행운복권방,서울 종로구 율곡로 253,서울 종로구 충신동 27-17
종로구,우리마트,서울 종로구 창경궁로 109,서울 종로구 인의동 112-2
종로구,영천,서울 종로구 율곡로 309,서울 종로구 창신동 440-10
종로구,로또사과,서울 종로구 돈화문로6나길 28 영동빌딩,서울 종로구 봉익동 117-2
종로구,나인,서울 종로구 종로10길 20,서울 종로구 관철동 43-7
종로구,행운복권마트,서울 종로구 지봉로 58,서울 종로구 숭인동 65-22
종로구,GS25(동묘역점),서울 종로구 종로 344 대우디오빌,서울 종로구 숭인동 310
종로구,스타공인중개사사무소,서울 종로구 진흥로 484,서울 종로구 신영동 240번지
종로구,코사마트 평창점,서울 종로구 평창11길 5,서울 종로구 평창동 339번지
종로구,짱복권,서울 종로구 종로 269,서울 종로구 종로6가 93-1
종로구,자현당,서울 종로구 북촌로 6,서울 종로구 재동 88번지
종로구,해피복권방,서울 종로구 자하문로 306,서울 종로구 홍지동 99-3
종로구,비원복권,서울 종로구 돈화문로 66 원광빌딩,서울 종로구 와룡동 68
종로구,크로바,서울 종로구 종로54길 42,서울 종로구 창신동 411-16
종로구,에스엠마트,서울 종로구 청계천로 55 대신빌딩,서울 종로구 관철동 252-1
종로구,종로3가1호선역2번출구가로판매점82호,서울 종로구 돈화문로 23,서울 종로구 종로3가 23-1
종로구,가로판매대,서울 종로구 통일로 156-1,서울 종로구 교남동 46
종로구,가야복권방,서울 종로구 통일로 246-10 무악현대아파트,서울 종로구 무악동 82
종로구,동대문1번출구앞가로가판점(65호),서울 종로구 종로 301,서울 종로구 창신동 551
종로구,상호없음,서울 종로구 새문안로 103-1,서울 종로구 신문로1가 10-1번지
종로구,SK텔레콤종로지점앞가판대,서울 종로구 우정국로 6 SK텔레콤,서울 종로구 관철동 290
종로구,74호종합가판,서울 종로구 청계천로 111,서울 종로구 관수동 149-2
종로구,행운로또,서울 종로구 청계천로 247,서울 종로구 종로5가 490번지
종로구,가로매점,서울 종로구 종로 186 우리은행,서울 종로구 종로4가 126-2
종로구,스태프,서울 종로구 율곡로 55,서울 종로구 안국동 139-1번지
종로구,킹부대찌개 테이크아웃 신설동점,서울 종로구 숭인동길 35,서울 종로구 숭인동 759
종로구,평안당,서울 종로구 종로 219,서울 종로구 종로5가 80-1번지
종로구,노다지복권방,서울 종로구 종로 333,서울 종로구 창신동 302-5
종로구,관철로또,서울 종로구 삼일대로 390-1,서울 종로구 관철동 5-14
종로구,스탐티쉬,서울 종로구 백석동길 1,서울 종로구 부암동 258-5번지
종로구,명성로또,서울 종로구 종로41길 5,서울 종로구 종로6가 135-1
종로구,5가로또레드탑,서울 종로구 종로 222,서울 종로구 종로5가 182-3번지
종로구,천하명당,서울 종로구 창신길 3,서울 종로구 창신동 693-1번지
종로구,제이복권방,서울 종로구 종로 225-1,서울 종로구 종로5가 58번지
종로구,돈다발복권방,서울 종로구 종로 352,서울 종로구 숭인동 288-1번지
종로구,가판점(종로105호),서울 종로구 대학로 112,서울 종로구 동숭동 1-117번지
종로구,미래전산,서울 종로구 통일로 262,서울 종로구 무악동 67-2
종로구,가자세계주류(종로점),서울 종로구 수표로 112-1,서울 종로구 낙원동 175번지
종로구,종로슈퍼,서울 종로구 돈화문로10길 14,서울 종로구 봉익동 18-3번지
종로구,우리식품점,서울 종로구 종로 393,서울 종로구 숭인동 192번지
종로구,씨스페이스 창경궁로점,서울 종로구 창경궁로 137,서울 종로구 원남동 251
종로구,통일마트,서울 종로구 종로 19,서울 종로구 종로1가 24번지
종로구,동성당,서울 종로구 청계천로 261,서울 종로구 종로5가 410번지
종로구,GS25(명륜성대점),서울 종로구 명륜길 2,서울 종로구 명륜1가 15
종로구,GS25(종로사직점),서울 종로구 자하문로 19-1,서울 종로구 체부동 37-1번지
종로구,CU(종로신교점),서울 종로구 필운대로 112-4,서울 종로구 신교동 36번지
종로구,GS25(동숭점),서울 종로구 동숭길 140,서울 종로구 혜화동 201
종로구,GS25(종로낙원점),서울 종로구 수표로 123-4,서울 종로구 낙원동 230
종로구,GS25(종로내수점),서울 종로구 새문안로3길 36,서울 종로구 내수동 75번지
종로구,CU(포레스트힐점),서울 종로구 대학로 33,서울 종로구 효제동 65-2
종로구,GS25(명륜아남점),서울 종로구 혜화로 9,서울 종로구 명륜1가 46-18번지
종로구,CU(마로니에점),서울 종로구 대학로 81,서울 종로구 연건동 78-2번지
종로구,GS25(종로인사점),서울 종로구 인사동길 59,서울 종로구 관훈동 144
중구,밝은나라,서울 중구 다산로 201-1,서울 중구 신당동 292-119
중구,씨유 중구회현점,서울 중구 퇴계로 70,서울 중구 회현동1가 190
중구,캐치문,서울 중구 을지로 88 을지로2구역지하쇼핑,서울 중구 을지로2가 149-10
중구,하니 행운 호떡,서울 중구 중림로 51-2,서울 중구 중림동 129-15
중구,팡팡복권방,서울 중구 퇴계로6길 5,서울 중구 회현동1가 194-11번지
중구,복권,서울 중구 을지로 지하 58,서울 중구 을지로2가 9-7번지
중구,행운마트,서울 중구 마른내로 54-1,서울 중구 인현동1가 97-2번지
중구,사과나무,서울 중구 마른내로 124,서울 중구 오장동 206-37번지
중구,하이로또복권방,서울 중구 청구로14길 3,서울 중구 신당동 387-60번지
중구,대박복권방,서울 중구 퇴계로 398,서울 중구 무학동 11-2번지
중구,행운복권방,서울 중구 다산로35길 11,서울 중구 신당동 241-5번지
중구,을지복권방,서울 중구 충무로 53,서울 중구 을지로3가 295-2번지
중구,동호슈퍼,서울 중구 동호로 163,서울 중구 신당동 372-31번지
중구,하나더마트,서울 중구 퇴계로90길 22,서울 중구 신당동 152-7번지
중구,하임마트,서울 중구 퇴계로 439-4,서울 중구 황학동 714번지
중구,을지상회,서울 중구 장충단로13길 43,서울 중구 을지로6가 18-188번지
중구,로또복권방,서울 중구 마른내로 21,서울 중구 저동2가 17-1번지
중구,남산골,서울 중구 퇴계로 222-1,서울 중구 필동2가 37-11번지
중구,한밭식품,서울 중구 창경궁로 53-1,서울 중구 을지로4가 85-1
중구,승보슈퍼,서울 중구 마장로9길 49-19,서울 중구 황학동 17
중구,육일슈퍼마켓,서울 중구 다동길 17,서울 중구 다동 50번지
중구,한성식품,서울 중구 수표로 26,서울 중구 저동2가 48-7번지
중구,무교식품,서울 중구 다동길 43 한외빌딩,서울 중구 다동 70
중구,국민은행앞가판점,서울 중구 남대문로 84,서울 중구 남대문로2가 9-1번지
중구,종합가판제141호,서울 중구 퇴계로 447,서울 중구 황학동 686번지
중구,가로판매점117호,서울 중구 장충단로 257,서울 중구 을지로6가 18-88번지
중구,종합가로판매점113호패션TV앞,서울 중구 을지로 264 롯데 FiTin,서울 중구 을지로6가 21-31
중구,상호없음,서울 중구 다산로 109-1,서울 중구 신당동 369-2
중구,가판점,서울 중구 을지로 193-1,서울 중구 을지로4가 140-1
중구,스카라극장초동가판점,서울 중구 충무로 28,서울 중구 초동 40-1
중구,상호없음,서울 중구 세종대로 92 한화금융센터 태평로,서울 중구 태평로2가 43
중구,가로판매점,서울 중구 서소문로 109,서울 중구 서소문동 53-6번지
중구,명동2가로또가판대,서울 중구 남대문로 62,서울 중구 명동2가 97-2번지
중구,가판100호,서울 중구 을지로 115-1,서울 중구 을지로3가 5-4번지
중구,남대문회현역가판15호,서울 중구 남대문시장4길 41-14,서울 중구 남창동 47-31번지
중구,신가로판매점,서울 중구 세종대로 93,서울 중구 태평로2가 360-1번지
중구,가로판매대제152호(신),서울 중구 남대문로 114,서울 중구 남대문로1가 22-6번지
중구,하나은행별관앞가판43호,서울 중구 을지로 55,서울 중구 을지로2가 9-10번지
중구,가로가판대제57호(구),서울 중구 세종대로14길 6-2,서울 중구 태평로2가 69-1번지
중구,종합가로가판점,서울 중구 마른내로 166,서울 중구 광희동1가 202-1번지
중구,중구가판12호,서울 중구 한강대로 416,서울 중구 남대문로5가 541번지
중구,가로판매대제18호,서울 중구 소공로 51 우리은행본점,서울 중구 회현동1가 203
중구,중구-가로가판대-37,서울 중구 남대문로 20-2,서울 중구 남대문로3가 30-6번지
중구,가로판매대제13호,서울 중구 퇴계로 36,서울 중구 남창동 169-2번지
중구,가판14호,서울 중구 퇴계로 37,서울 중구 남창동 61-4번지
중구,신문가판대,서울 중구 세종대로 5-1,서울 중구 남대문로5가 63-13
중구,가로판매대,서울 중구 남대문로 40,서울 중구 회현동1가 202-2번지
중구,신간판,서울 중구 무교로 24,서울 중구 무교동 12-1번지
중구,가판점,서울 중구 퇴계로 123,서울 중구 충무로2가 65-7번지
중구,태양비디오,서울 중구 동호로 193-22 백석빌딩,서울 중구 신당동 355-8
중구,샌드빈(SANDBEAN),서울 중구 퇴계로56길 57,서울 중구 장충동2가 9-2번지
중구,꿈이현실로,서울 중구 청계천로 182,서울 중구 주교동 135-1번지
중구,우리마트,서울 중구 창경궁로 11,서울 중구 충무로4가 62-9번지
중구,샛별복권방,서울 중구 동호로10길 12,서울 중구 신당동 349-57
중구,필동반점,서울 중구 필동로 15-6,서울 중구 필동2가 74-3번지
중구,늘푸른복권방,서울 중구 충무로11길 7,서울 중구 을지로3가 108
중구,신가로판매점,서울 중구 세종대로 26,서울 중구 남대문로5가 19-4번지
중구,명동역5번출구가판,서울 중구 퇴계로 115,서울 중구 충무로1가 24-1번지
중구,다동로또,서울 중구 다산로38길 59,서울 중구 신당동 52-107
중구,프레야행운방,서울 중구 다산로36길 21,서울 중구 신당동 291-1번지
중구,복권방,서울 중구 중림로 37,서울 중구 중림동 144-2
중구,만물사,서울 중구 남대문로 2,서울 중구 남대문로4가 20-10번지
중구,YG복권방,서울 중구 남대문로9길 40,서울 중구 다동 155번지
중구,로또,서울 중구 퇴계로86길 42,서울 중구 신당동 133-14번지
중구,코코주,서울 중구 장충단로 261-1,서울 중구 을지로6가 18-192
중구,행운충전소,서울 중구 퇴계로 427,서울 중구 황학동 732번지
중구,로또와토토,서울 중구 세종대로18길 10,서울 중구 태평로2가 52-1번지
중구,노다지복권방,서울 중구 다산로44길 15,서울 중구 신당동 110-10번지
중구,천하명당복권방,서울 중구 퇴계로 322 정미식품,서울 중구 광희동2가 323-2
중구,훼밀리복권,서울 중구 동호로 388-3,서울 중구 방산동 4-13
중구,수정식품,서울 중구 을지로 199-2,서울 중구 을지로4가 156-1번지
중구,CU(소피텔점),서울 중구 동호로27길 25,서울 중구 묵정동 18-9번지
중구,GS25 동대문 쇼핑점,서울 중구 퇴계로73가길 34,서울 중구 신당동 251-77
중구,CU(신당6동점),서울 중구 다산로40길 14,서울 중구 신당동 52-299번지
